id,catalogue_page_title,catalogue_name,permutation_summary,ordering_code,product_type,product_description,stauff_group,din_group,thread_code,thread,material_code,material,l1_mm,l2_mm,b_b1_mm,b2_mm,d1_mm,imported_at
1,"STAUFF Clamps – Catalogue 1, page 44","Heavy Series (DIN 3015, Part 2)  •  Weld Plate for Single Clamps (SPAL) and Double Clamps (SPAS)",200 ordering-code permutations  (2 types × 10 STAUFF groups × 2 thread codes × 5 material codes),SPAL-3S-M-W1,SPAL,Weld Plate for Single Clamps,3S,1,M,M10,W1,"Carbon Steel, uncoated",74,33,30,,18,2026-06-01T17:10:30.661310+00:00
2,"STAUFF Clamps – Catalogue 1, page 44","Heavy Series (DIN 3015, Part 2)  •  Weld Plate for Single Clamps (SPAL) and Double Clamps (SPAS)",200 ordering-code permutations  (2 types × 10 STAUFF groups × 2 thread codes × 5 material codes),SPAL-3S-M-W2,SPAL,Weld Plate for Single Clamps,3S,1,M,M10,W2,"Carbon Steel, phosphated",74,33,30,,18,2026-06-01T17:10:30.661310+00:00
3,"STAUFF Clamps – Catalogue 1, page 44","Heavy Series (DIN 3015, Part 2)  •  Weld Plate for Single Clamps (SPAL) and Double Clamps (SPAS)",200 ordering-code permutations  (2 types × 10 STAUFF groups × 2 thread codes × 5 material codes),SPAL-3S-M-W3,SPAL,Weld Plate for Single Clamps,3S,1,M,M10,W3,"Carbon Steel, zinc/nickel-plated",74,33,30,,18,2026-06-01T17:10:30.661310+00:00
4,"STAUFF Clamps – Catalogue 1, page 44","Heavy Series (DIN 3015, Part 2)  •  Weld Plate for Single Clamps (SPAL) and Double Clamps (SPAS)",200 ordering-code permutations  (2 types × 10 STAUFF groups × 2 thread codes × 5 material codes),SPAL-3S-M-W4,SPAL,Weld Plate for Single Clamps,3S,1,M,M10,W4,"Stainless Steel V2A (1.4301/1.4305, AISI 304/303)",74,33,30,,18,2026-06-01T17:10:30.661310+00:00
5,"STAUFF Clamps – Catalogue 1, page 44","Heavy Series (DIN 3015, Part 2)  •  Weld Plate for Single Clamps (SPAL) and Double Clamps (SPAS)",200 ordering-code permutations  (2 types × 10 STAUFF groups × 2 thread codes × 5 material codes),SPAL-3S-M-W5,SPAL,Weld Plate for Single Clamps,3S,1,M,M10,W5,"Stainless Steel V4A (1.4401/1.4571, AISI 316/316 Ti)",74,33,30,,18,2026-06-01T17:10:30.661310+00:00
6,"STAUFF Clamps – Catalogue 1, page 44","Heavy Series (DIN 3015, Part 2)  •  Weld Plate for Single Clamps (SPAL) and Double Clamps (SPAS)",200 ordering-code permutations  (2 types × 10 STAUFF groups × 2 thread codes × 5 material codes),SPAL-3S-U-W1,SPAL,Weld Plate for Single Clamps,3S,1,U,3/8–16 UNC,W1,"Carbon Steel, uncoated",74,33,30,,18,2026-06-01T17:10:30.661310+00:00
7,"STAUFF Clamps – Catalogue 1, page 44","Heavy Series (DIN 3015, Part 2)  •  Weld Plate for Single Clamps (SPAL) and Double Clamps (SPAS)",200 ordering-code permutations  (2 types × 10 STAUFF groups × 2 thread codes × 5 material codes),SPAL-3S-U-W2,SPAL,Weld Plate for Single Clamps,3S,1,U,3/8–16 UNC,W2,"Carbon Steel, phosphated",74,33,30,,18,2026-06-01T17:10:30.661310+00:00
8,"STAUFF Clamps – Catalogue 1, page 44","Heavy Series (DIN 3015, Part 2)  •  Weld Plate for Single Clamps (SPAL) and Double Clamps (SPAS)",200 ordering-code permutations  (2 types × 10 STAUFF groups × 2 thread codes × 5 material codes),SPAL-3S-U-W3,SPAL,Weld Plate for Single Clamps,3S,1,U,3/8–16 UNC,W3,"Carbon Steel, zinc/nickel-plated",74,33,30,,18,2026-06-01T17:10:30.661310+00:00
9,"STAUFF Clamps – Catalogue 1, page 44","Heavy Series (DIN 3015, Part 2)  •  Weld Plate for Single Clamps (SPAL) and Double Clamps (SPAS)",200 ordering-code permutations  (2 types × 10 STAUFF groups × 2 thread codes × 5 material codes),SPAL-3S-U-W4,SPAL,Weld Plate for Single Clamps,3S,1,U,3/8–16 UNC,W4,"Stainless Steel V2A (1.4301/1.4305, AISI 304/303)",74,33,30,,18,2026-06-01T17:10:30.661310+00:00
10,"STAUFF Clamps – Catalogue 1, page 44","Heavy Series (DIN 3015, Part 2)  •  Weld Plate for Single Clamps (SPAL) and Double Clamps (SPAS)",200 ordering-code permutations  (2 types × 10 STAUFF groups × 2 thread codes × 5 material codes),SPAL-3S-U-W5,SPAL,Weld Plate for Single Clamps,3S,1,U,3/8–16 UNC,W5,"Stainless Steel V4A (1.4401/1.4571, AISI 316/316 Ti)",74,33,30,,18,2026-06-01T17:10:30.661310+00:00
11,"STAUFF Clamps – Catalogue 1, page 44","Heavy Series (DIN 3015, Part 2)  •  Weld Plate for Single Clamps (SPAL) and Double Clamps (SPAS)",200 ordering-code permutations  (2 types × 10 STAUFF groups × 2 thread codes × 5 material codes),SPAL-4S-M-W1,SPAL,Weld Plate for Single Clamps,4S,2,M,M10,W1,"Carbon Steel, uncoated",86,45,30,,18,2026-06-01T17:10:30.661310+00:00
12,"STAUFF Clamps – Catalogue 1, page 44","Heavy Series (DIN 3015, Part 2)  •  Weld Plate for Single Clamps (SPAL) and Double Clamps (SPAS)",200 ordering-code permutations  (2 types × 10 STAUFF groups × 2 thread codes × 5 material codes),SPAL-4S-M-W2,SPAL,Weld Plate for Single Clamps,4S,2,M,M10,W2,"Carbon Steel, phosphated",86,45,30,,18,2026-06-01T17:10:30.661310+00:00
13,"STAUFF Clamps – Catalogue 1, page 44","Heavy Series (DIN 3015, Part 2)  •  Weld Plate for Single Clamps (SPAL) and Double Clamps (SPAS)",200 ordering-code permutations  (2 types × 10 STAUFF groups × 2 thread codes × 5 material codes),SPAL-4S-M-W3,SPAL,Weld Plate for Single Clamps,4S,2,M,M10,W3,"Carbon Steel, zinc/nickel-plated",86,45,30,,18,2026-06-01T17:10:30.661310+00:00
14,"STAUFF Clamps – Catalogue 1, page 44","Heavy Series (DIN 3015, Part 2)  •  Weld Plate for Single Clamps (SPAL) and Double Clamps (SPAS)",200 ordering-code permutations  (2 types × 10 STAUFF groups × 2 thread codes × 5 material codes),SPAL-4S-M-W4,SPAL,Weld Plate for Single Clamps,4S,2,M,M10,W4,"Stainless Steel V2A (1.4301/1.4305, AISI 304/303)",86,45,30,,18,2026-06-01T17:10:30.661310+00:00
15,"STAUFF Clamps – Catalogue 1, page 44","Heavy Series (DIN 3015, Part 2)  •  Weld Plate for Single Clamps (SPAL) and Double Clamps (SPAS)",200 ordering-code permutations  (2 types × 10 STAUFF groups × 2 thread codes × 5 material codes),SPAL-4S-M-W5,SPAL,Weld Plate for Single Clamps,4S,2,M,M10,W5,"Stainless Steel V4A (1.4401/1.4571, AISI 316/316 Ti)",86,45,30,,18,2026-06-01T17:10:30.661310+00:00
16,"STAUFF Clamps – Catalogue 1, page 44","Heavy Series (DIN 3015, Part 2)  •  Weld Plate for Single Clamps (SPAL) and Double Clamps (SPAS)",200 ordering-code permutations  (2 types × 10 STAUFF groups × 2 thread codes × 5 material codes),SPAL-4S-U-W1,SPAL,Weld Plate for Single Clamps,4S,2,U,3/8–16 UNC,W1,"Carbon Steel, uncoated",86,45,30,,18,2026-06-01T17:10:30.661310+00:00
17,"STAUFF Clamps – Catalogue 1, page 44","Heavy Series (DIN 3015, Part 2)  •  Weld Plate for Single Clamps (SPAL) and Double Clamps (SPAS)",200 ordering-code permutations  (2 types × 10 STAUFF groups × 2 thread codes × 5 material codes),SPAL-4S-U-W2,SPAL,Weld Plate for Single Clamps,4S,2,U,3/8–16 UNC,W2,"Carbon Steel, phosphated",86,45,30,,18,2026-06-01T17:10:30.661310+00:00
18,"STAUFF Clamps – Catalogue 1, page 44","Heavy Series (DIN 3015, Part 2)  •  Weld Plate for Single Clamps (SPAL) and Double Clamps (SPAS)",200 ordering-code permutations  (2 types × 10 STAUFF groups × 2 thread codes × 5 material codes),SPAL-4S-U-W3,SPAL,Weld Plate for Single Clamps,4S,2,U,3/8–16 UNC,W3,"Carbon Steel, zinc/nickel-plated",86,45,30,,18,2026-06-01T17:10:30.661310+00:00
19,"STAUFF Clamps – Catalogue 1, page 44","Heavy Series (DIN 3015, Part 2)  •  Weld Plate for Single Clamps (SPAL) and Double Clamps (SPAS)",200 ordering-code permutations  (2 types × 10 STAUFF groups × 2 thread codes × 5 material codes),SPAL-4S-U-W4,SPAL,Weld Plate for Single Clamps,4S,2,U,3/8–16 UNC,W4,"Stainless Steel V2A (1.4301/1.4305, AISI 304/303)",86,45,30,,18,2026-06-01T17:10:30.661310+00:00
20,"STAUFF Clamps – Catalogue 1, page 44","Heavy Series (DIN 3015, Part 2)  •  Weld Plate for Single Clamps (SPAL) and Double Clamps (SPAS)",200 ordering-code permutations  (2 types × 10 STAUFF groups × 2 thread codes × 5 material codes),SPAL-4S-U-W5,SPAL,Weld Plate for Single Clamps,4S,2,U,3/8–16 UNC,W5,"Stainless Steel V4A (1.4401/1.4571, AISI 316/316 Ti)",86,45,30,,18,2026-06-01T17:10:30.661310+00:00
21,"STAUFF Clamps – Catalogue 1, page 44","Heavy Series (DIN 3015, Part 2)  •  Weld Plate for Single Clamps (SPAL) and Double Clamps (SPAS)",200 ordering-code permutations  (2 types × 10 STAUFF groups × 2 thread codes × 5 material codes),SPAL-5S-M-W1,SPAL,Weld Plate for Single Clamps,5S,3,M,M10,W1,"Carbon Steel, uncoated",100,60,30,,18,2026-06-01T17:10:30.661310+00:00
22,"STAUFF Clamps – Catalogue 1, page 44","Heavy Series (DIN 3015, Part 2)  •  Weld Plate for Single Clamps (SPAL) and Double Clamps (SPAS)",200 ordering-code permutations  (2 types × 10 STAUFF groups × 2 thread codes × 5 material codes),SPAL-5S-M-W2,SPAL,Weld Plate for Single Clamps,5S,3,M,M10,W2,"Carbon Steel, phosphated",100,60,30,,18,2026-06-01T17:10:30.661310+00:00
23,"STAUFF Clamps – Catalogue 1, page 44","Heavy Series (DIN 3015, Part 2)  •  Weld Plate for Single Clamps (SPAL) and Double Clamps (SPAS)",200 ordering-code permutations  (2 types × 10 STAUFF groups × 2 thread codes × 5 material codes),SPAL-5S-M-W3,SPAL,Weld Plate for Single Clamps,5S,3,M,M10,W3,"Carbon Steel, zinc/nickel-plated",100,60,30,,18,2026-06-01T17:10:30.661310+00:00
24,"STAUFF Clamps – Catalogue 1, page 44","Heavy Series (DIN 3015, Part 2)  •  Weld Plate for Single Clamps (SPAL) and Double Clamps (SPAS)",200 ordering-code permutations  (2 types × 10 STAUFF groups × 2 thread codes × 5 material codes),SPAL-5S-M-W4,SPAL,Weld Plate for Single Clamps,5S,3,M,M10,W4,"Stainless Steel V2A (1.4301/1.4305, AISI 304/303)",100,60,30,,18,2026-06-01T17:10:30.661310+00:00
25,"STAUFF Clamps – Catalogue 1, page 44","Heavy Series (DIN 3015, Part 2)  •  Weld Plate for Single Clamps (SPAL) and Double Clamps (SPAS)",200 ordering-code permutations  (2 types × 10 STAUFF groups × 2 thread codes × 5 material codes),SPAL-5S-M-W5,SPAL,Weld Plate for Single Clamps,5S,3,M,M10,W5,"Stainless Steel V4A (1.4401/1.4571, AISI 316/316 Ti)",100,60,30,,18,2026-06-01T17:10:30.661310+00:00
26,"STAUFF Clamps – Catalogue 1, page 44","Heavy Series (DIN 3015, Part 2)  •  Weld Plate for Single Clamps (SPAL) and Double Clamps (SPAS)",200 ordering-code permutations  (2 types × 10 STAUFF groups × 2 thread codes × 5 material codes),SPAL-5S-U-W1,SPAL,Weld Plate for Single Clamps,5S,3,U,3/8–16 UNC,W1,"Carbon Steel, uncoated",100,60,30,,18,2026-06-01T17:10:30.661310+00:00
27,"STAUFF Clamps – Catalogue 1, page 44","Heavy Series (DIN 3015, Part 2)  •  Weld Plate for Single Clamps (SPAL) and Double Clamps (SPAS)",200 ordering-code permutations  (2 types × 10 STAUFF groups × 2 thread codes × 5 material codes),SPAL-5S-U-W2,SPAL,Weld Plate for Single Clamps,5S,3,U,3/8–16 UNC,W2,"Carbon Steel, phosphated",100,60,30,,18,2026-06-01T17:10:30.661310+00:00
28,"STAUFF Clamps – Catalogue 1, page 44","Heavy Series (DIN 3015, Part 2)  •  Weld Plate for Single Clamps (SPAL) and Double Clamps (SPAS)",200 ordering-code permutations  (2 types × 10 STAUFF groups × 2 thread codes × 5 material codes),SPAL-5S-U-W3,SPAL,Weld Plate for Single Clamps,5S,3,U,3/8–16 UNC,W3,"Carbon Steel, zinc/nickel-plated",100,60,30,,18,2026-06-01T17:10:30.661310+00:00
29,"STAUFF Clamps – Catalogue 1, page 44","Heavy Series (DIN 3015, Part 2)  •  Weld Plate for Single Clamps (SPAL) and Double Clamps (SPAS)",200 ordering-code permutations  (2 types × 10 STAUFF groups × 2 thread codes × 5 material codes),SPAL-5S-U-W4,SPAL,Weld Plate for Single Clamps,5S,3,U,3/8–16 UNC,W4,"Stainless Steel V2A (1.4301/1.4305, AISI 304/303)",100,60,30,,18,2026-06-01T17:10:30.661310+00:00
30,"STAUFF Clamps – Catalogue 1, page 44","Heavy Series (DIN 3015, Part 2)  •  Weld Plate for Single Clamps (SPAL) and Double Clamps (SPAS)",200 ordering-code permutations  (2 types × 10 STAUFF groups × 2 thread codes × 5 material codes),SPAL-5S-U-W5,SPAL,Weld Plate for Single Clamps,5S,3,U,3/8–16 UNC,W5,"Stainless Steel V4A (1.4401/1.4571, AISI 316/316 Ti)",100,60,30,,18,2026-06-01T17:10:30.661310+00:00
31,"STAUFF Clamps – Catalogue 1, page 44","Heavy Series (DIN 3015, Part 2)  •  Weld Plate for Single Clamps (SPAL) and Double Clamps (SPAS)",200 ordering-code permutations  (2 types × 10 STAUFF groups × 2 thread codes × 5 material codes),SPAL-6S-M-W1,SPAL,Weld Plate for Single Clamps,6S,4,M,M12,W1,"Carbon Steel, uncoated",140,90,45,,20,2026-06-01T17:10:30.661310+00:00
32,"STAUFF Clamps – Catalogue 1, page 44","Heavy Series (DIN 3015, Part 2)  •  Weld Plate for Single Clamps (SPAL) and Double Clamps (SPAS)",200 ordering-code permutations  (2 types × 10 STAUFF groups × 2 thread codes × 5 material codes),SPAL-6S-M-W2,SPAL,Weld Plate for Single Clamps,6S,4,M,M12,W2,"Carbon Steel, phosphated",140,90,45,,20,2026-06-01T17:10:30.661310+00:00
33,"STAUFF Clamps – Catalogue 1, page 44","Heavy Series (DIN 3015, Part 2)  •  Weld Plate for Single Clamps (SPAL) and Double Clamps (SPAS)",200 ordering-code permutations  (2 types × 10 STAUFF groups × 2 thread codes × 5 material codes),SPAL-6S-M-W3,SPAL,Weld Plate for Single Clamps,6S,4,M,M12,W3,"Carbon Steel, zinc/nickel-plated",140,90,45,,20,2026-06-01T17:10:30.661310+00:00
34,"STAUFF Clamps – Catalogue 1, page 44","Heavy Series (DIN 3015, Part 2)  •  Weld Plate for Single Clamps (SPAL) and Double Clamps (SPAS)",200 ordering-code permutations  (2 types × 10 STAUFF groups × 2 thread codes × 5 material codes),SPAL-6S-M-W4,SPAL,Weld Plate for Single Clamps,6S,4,M,M12,W4,"Stainless Steel V2A (1.4301/1.4305, AISI 304/303)",140,90,45,,20,2026-06-01T17:10:30.661310+00:00
35,"STAUFF Clamps – Catalogue 1, page 44","Heavy Series (DIN 3015, Part 2)  •  Weld Plate for Single Clamps (SPAL) and Double Clamps (SPAS)",200 ordering-code permutations  (2 types × 10 STAUFF groups × 2 thread codes × 5 material codes),SPAL-6S-M-W5,SPAL,Weld Plate for Single Clamps,6S,4,M,M12,W5,"Stainless Steel V4A (1.4401/1.4571, AISI 316/316 Ti)",140,90,45,,20,2026-06-01T17:10:30.661310+00:00
36,"STAUFF Clamps – Catalogue 1, page 44","Heavy Series (DIN 3015, Part 2)  •  Weld Plate for Single Clamps (SPAL) and Double Clamps (SPAS)",200 ordering-code permutations  (2 types × 10 STAUFF groups × 2 thread codes × 5 material codes),SPAL-6S-U-W1,SPAL,Weld Plate for Single Clamps,6S,4,U,7/16–14 UNC,W1,"Carbon Steel, uncoated",140,90,45,,20,2026-06-01T17:10:30.661310+00:00
37,"STAUFF Clamps – Catalogue 1, page 44","Heavy Series (DIN 3015, Part 2)  •  Weld Plate for Single Clamps (SPAL) and Double Clamps (SPAS)",200 ordering-code permutations  (2 types × 10 STAUFF groups × 2 thread codes × 5 material codes),SPAL-6S-U-W2,SPAL,Weld Plate for Single Clamps,6S,4,U,7/16–14 UNC,W2,"Carbon Steel, phosphated",140,90,45,,20,2026-06-01T17:10:30.661310+00:00
38,"STAUFF Clamps – Catalogue 1, page 44","Heavy Series (DIN 3015, Part 2)  •  Weld Plate for Single Clamps (SPAL) and Double Clamps (SPAS)",200 ordering-code permutations  (2 types × 10 STAUFF groups × 2 thread codes × 5 material codes),SPAL-6S-U-W3,SPAL,Weld Plate for Single Clamps,6S,4,U,7/16–14 UNC,W3,"Carbon Steel, zinc/nickel-plated",140,90,45,,20,2026-06-01T17:10:30.661310+00:00
39,"STAUFF Clamps – Catalogue 1, page 44","Heavy Series (DIN 3015, Part 2)  •  Weld Plate for Single Clamps (SPAL) and Double Clamps (SPAS)",200 ordering-code permutations  (2 types × 10 STAUFF groups × 2 thread codes × 5 material codes),SPAL-6S-U-W4,SPAL,Weld Plate for Single Clamps,6S,4,U,7/16–14 UNC,W4,"Stainless Steel V2A (1.4301/1.4305, AISI 304/303)",140,90,45,,20,2026-06-01T17:10:30.661310+00:00
40,"STAUFF Clamps – Catalogue 1, page 44","Heavy Series (DIN 3015, Part 2)  •  Weld Plate for Single Clamps (SPAL) and Double Clamps (SPAS)",200 ordering-code permutations  (2 types × 10 STAUFF groups × 2 thread codes × 5 material codes),SPAL-6S-U-W5,SPAL,Weld Plate for Single Clamps,6S,4,U,7/16–14 UNC,W5,"Stainless Steel V4A (1.4401/1.4571, AISI 316/316 Ti)",140,90,45,,20,2026-06-01T17:10:30.661310+00:00
41,"STAUFF Clamps – Catalogue 1, page 44","Heavy Series (DIN 3015, Part 2)  •  Weld Plate for Single Clamps (SPAL) and Double Clamps (SPAS)",200 ordering-code permutations  (2 types × 10 STAUFF groups × 2 thread codes × 5 material codes),SPAL-7S-M-W1,SPAL,Weld Plate for Single Clamps,7S,5,M,M16,W1,"Carbon Steel, uncoated",180,122,60,,24,2026-06-01T17:10:30.661310+00:00
42,"STAUFF Clamps – Catalogue 1, page 44","Heavy Series (DIN 3015, Part 2)  •  Weld Plate for Single Clamps (SPAL) and Double Clamps (SPAS)",200 ordering-code permutations  (2 types × 10 STAUFF groups × 2 thread codes × 5 material codes),SPAL-7S-M-W2,SPAL,Weld Plate for Single Clamps,7S,5,M,M16,W2,"Carbon Steel, phosphated",180,122,60,,24,2026-06-01T17:10:30.661310+00:00
43,"STAUFF Clamps – Catalogue 1, page 44","Heavy Series (DIN 3015, Part 2)  •  Weld Plate for Single Clamps (SPAL) and Double Clamps (SPAS)",200 ordering-code permutations  (2 types × 10 STAUFF groups × 2 thread codes × 5 material codes),SPAL-7S-M-W3,SPAL,Weld Plate for Single Clamps,7S,5,M,M16,W3,"Carbon Steel, zinc/nickel-plated",180,122,60,,24,2026-06-01T17:10:30.661310+00:00
44,"STAUFF Clamps – Catalogue 1, page 44","Heavy Series (DIN 3015, Part 2)  •  Weld Plate for Single Clamps (SPAL) and Double Clamps (SPAS)",200 ordering-code permutations  (2 types × 10 STAUFF groups × 2 thread codes × 5 material codes),SPAL-7S-M-W4,SPAL,Weld Plate for Single Clamps,7S,5,M,M16,W4,"Stainless Steel V2A (1.4301/1.4305, AISI 304/303)",180,122,60,,24,2026-06-01T17:10:30.661310+00:00
45,"STAUFF Clamps – Catalogue 1, page 44","Heavy Series (DIN 3015, Part 2)  •  Weld Plate for Single Clamps (SPAL) and Double Clamps (SPAS)",200 ordering-code permutations  (2 types × 10 STAUFF groups × 2 thread codes × 5 material codes),SPAL-7S-M-W5,SPAL,Weld Plate for Single Clamps,7S,5,M,M16,W5,"Stainless Steel V4A (1.4401/1.4571, AISI 316/316 Ti)",180,122,60,,24,2026-06-01T17:10:30.661310+00:00
46,"STAUFF Clamps – Catalogue 1, page 44","Heavy Series (DIN 3015, Part 2)  •  Weld Plate for Single Clamps (SPAL) and Double Clamps (SPAS)",200 ordering-code permutations  (2 types × 10 STAUFF groups × 2 thread codes × 5 material codes),SPAL-7S-U-W1,SPAL,Weld Plate for Single Clamps,7S,5,U,5/8–11 UNC,W1,"Carbon Steel, uncoated",180,122,60,,24,2026-06-01T17:10:30.661310+00:00
47,"STAUFF Clamps – Catalogue 1, page 44","Heavy Series (DIN 3015, Part 2)  •  Weld Plate for Single Clamps (SPAL) and Double Clamps (SPAS)",200 ordering-code permutations  (2 types × 10 STAUFF groups × 2 thread codes × 5 material codes),SPAL-7S-U-W2,SPAL,Weld Plate for Single Clamps,7S,5,U,5/8–11 UNC,W2,"Carbon Steel, phosphated",180,122,60,,24,2026-06-01T17:10:30.661310+00:00
48,"STAUFF Clamps – Catalogue 1, page 44","Heavy Series (DIN 3015, Part 2)  •  Weld Plate for Single Clamps (SPAL) and Double Clamps (SPAS)",200 ordering-code permutations  (2 types × 10 STAUFF groups × 2 thread codes × 5 material codes),SPAL-7S-U-W3,SPAL,Weld Plate for Single Clamps,7S,5,U,5/8–11 UNC,W3,"Carbon Steel, zinc/nickel-plated",180,122,60,,24,2026-06-01T17:10:30.661310+00:00
49,"STAUFF Clamps – Catalogue 1, page 44","Heavy Series (DIN 3015, Part 2)  •  Weld Plate for Single Clamps (SPAL) and Double Clamps (SPAS)",200 ordering-code permutations  (2 types × 10 STAUFF groups × 2 thread codes × 5 material codes),SPAL-7S-U-W4,SPAL,Weld Plate for Single Clamps,7S,5,U,5/8–11 UNC,W4,"Stainless Steel V2A (1.4301/1.4305, AISI 304/303)",180,122,60,,24,2026-06-01T17:10:30.661310+00:00
50,"STAUFF Clamps – Catalogue 1, page 44","Heavy Series (DIN 3015, Part 2)  •  Weld Plate for Single Clamps (SPAL) and Double Clamps (SPAS)",200 ordering-code permutations  (2 types × 10 STAUFF groups × 2 thread codes × 5 material codes),SPAL-7S-U-W5,SPAL,Weld Plate for Single Clamps,7S,5,U,5/8–11 UNC,W5,"Stainless Steel V4A (1.4401/1.4571, AISI 316/316 Ti)",180,122,60,,24,2026-06-01T17:10:30.661310+00:00
51,"STAUFF Clamps – Catalogue 1, page 44","Heavy Series (DIN 3015, Part 2)  •  Weld Plate for Single Clamps (SPAL) and Double Clamps (SPAS)",200 ordering-code permutations  (2 types × 10 STAUFF groups × 2 thread codes × 5 material codes),SPAL-8S-M-W1,SPAL,Weld Plate for Single Clamps,8S,6,M,M20,W1,"Carbon Steel, uncoated",226,168,80,,30,2026-06-01T17:10:30.661310+00:00
52,"STAUFF Clamps – Catalogue 1, page 44","Heavy Series (DIN 3015, Part 2)  •  Weld Plate for Single Clamps (SPAL) and Double Clamps (SPAS)",200 ordering-code permutations  (2 types × 10 STAUFF groups × 2 thread codes × 5 material codes),SPAL-8S-M-W2,SPAL,Weld Plate for Single Clamps,8S,6,M,M20,W2,"Carbon Steel, phosphated",226,168,80,,30,2026-06-01T17:10:30.661310+00:00
53,"STAUFF Clamps – Catalogue 1, page 44","Heavy Series (DIN 3015, Part 2)  •  Weld Plate for Single Clamps (SPAL) and Double Clamps (SPAS)",200 ordering-code permutations  (2 types × 10 STAUFF groups × 2 thread codes × 5 material codes),SPAL-8S-M-W3,SPAL,Weld Plate for Single Clamps,8S,6,M,M20,W3,"Carbon Steel, zinc/nickel-plated",226,168,80,,30,2026-06-01T17:10:30.661310+00:00
54,"STAUFF Clamps – Catalogue 1, page 44","Heavy Series (DIN 3015, Part 2)  •  Weld Plate for Single Clamps (SPAL) and Double Clamps (SPAS)",200 ordering-code permutations  (2 types × 10 STAUFF groups × 2 thread codes × 5 material codes),SPAL-8S-M-W4,SPAL,Weld Plate for Single Clamps,8S,6,M,M20,W4,"Stainless Steel V2A (1.4301/1.4305, AISI 304/303)",226,168,80,,30,2026-06-01T17:10:30.661310+00:00
55,"STAUFF Clamps – Catalogue 1, page 44","Heavy Series (DIN 3015, Part 2)  •  Weld Plate for Single Clamps (SPAL) and Double Clamps (SPAS)",200 ordering-code permutations  (2 types × 10 STAUFF groups × 2 thread codes × 5 material codes),SPAL-8S-M-W5,SPAL,Weld Plate for Single Clamps,8S,6,M,M20,W5,"Stainless Steel V4A (1.4401/1.4571, AISI 316/316 Ti)",226,168,80,,30,2026-06-01T17:10:30.661310+00:00
56,"STAUFF Clamps – Catalogue 1, page 44","Heavy Series (DIN 3015, Part 2)  •  Weld Plate for Single Clamps (SPAL) and Double Clamps (SPAS)",200 ordering-code permutations  (2 types × 10 STAUFF groups × 2 thread codes × 5 material codes),SPAL-8S-U-W1,SPAL,Weld Plate for Single Clamps,8S,6,U,3/4–10 UNC,W1,"Carbon Steel, uncoated",226,168,80,,30,2026-06-01T17:10:30.661310+00:00
57,"STAUFF Clamps – Catalogue 1, page 44","Heavy Series (DIN 3015, Part 2)  •  Weld Plate for Single Clamps (SPAL) and Double Clamps (SPAS)",200 ordering-code permutations  (2 types × 10 STAUFF groups × 2 thread codes × 5 material codes),SPAL-8S-U-W2,SPAL,Weld Plate for Single Clamps,8S,6,U,3/4–10 UNC,W2,"Carbon Steel, phosphated",226,168,80,,30,2026-06-01T17:10:30.661310+00:00
58,"STAUFF Clamps – Catalogue 1, page 44","Heavy Series (DIN 3015, Part 2)  •  Weld Plate for Single Clamps (SPAL) and Double Clamps (SPAS)",200 ordering-code permutations  (2 types × 10 STAUFF groups × 2 thread codes × 5 material codes),SPAL-8S-U-W3,SPAL,Weld Plate for Single Clamps,8S,6,U,3/4–10 UNC,W3,"Carbon Steel, zinc/nickel-plated",226,168,80,,30,2026-06-01T17:10:30.661310+00:00
59,"STAUFF Clamps – Catalogue 1, page 44","Heavy Series (DIN 3015, Part 2)  •  Weld Plate for Single Clamps (SPAL) and Double Clamps (SPAS)",200 ordering-code permutations  (2 types × 10 STAUFF groups × 2 thread codes × 5 material codes),SPAL-8S-U-W4,SPAL,Weld Plate for Single Clamps,8S,6,U,3/4–10 UNC,W4,"Stainless Steel V2A (1.4301/1.4305, AISI 304/303)",226,168,80,,30,2026-06-01T17:10:30.661310+00:00
60,"STAUFF Clamps – Catalogue 1, page 44","Heavy Series (DIN 3015, Part 2)  •  Weld Plate for Single Clamps (SPAL) and Double Clamps (SPAS)",200 ordering-code permutations  (2 types × 10 STAUFF groups × 2 thread codes × 5 material codes),SPAL-8S-U-W5,SPAL,Weld Plate for Single Clamps,8S,6,U,3/4–10 UNC,W5,"Stainless Steel V4A (1.4401/1.4571, AISI 316/316 Ti)",226,168,80,,30,2026-06-01T17:10:30.661310+00:00
61,"STAUFF Clamps – Catalogue 1, page 44","Heavy Series (DIN 3015, Part 2)  •  Weld Plate for Single Clamps (SPAL) and Double Clamps (SPAS)",200 ordering-code permutations  (2 types × 10 STAUFF groups × 2 thread codes × 5 material codes),SPAL-9S-M-W1,SPAL,Weld Plate for Single Clamps,9S,7,M,M24,W1,"Carbon Steel, uncoated",270,205,90,,35,2026-06-01T17:10:30.661310+00:00
62,"STAUFF Clamps – Catalogue 1, page 44","Heavy Series (DIN 3015, Part 2)  •  Weld Plate for Single Clamps (SPAL) and Double Clamps (SPAS)",200 ordering-code permutations  (2 types × 10 STAUFF groups × 2 thread codes × 5 material codes),SPAL-9S-M-W2,SPAL,Weld Plate for Single Clamps,9S,7,M,M24,W2,"Carbon Steel, phosphated",270,205,90,,35,2026-06-01T17:10:30.661310+00:00
63,"STAUFF Clamps – Catalogue 1, page 44","Heavy Series (DIN 3015, Part 2)  •  Weld Plate for Single Clamps (SPAL) and Double Clamps (SPAS)",200 ordering-code permutations  (2 types × 10 STAUFF groups × 2 thread codes × 5 material codes),SPAL-9S-M-W3,SPAL,Weld Plate for Single Clamps,9S,7,M,M24,W3,"Carbon Steel, zinc/nickel-plated",270,205,90,,35,2026-06-01T17:10:30.661310+00:00
64,"STAUFF Clamps – Catalogue 1, page 44","Heavy Series (DIN 3015, Part 2)  •  Weld Plate for Single Clamps (SPAL) and Double Clamps (SPAS)",200 ordering-code permutations  (2 types × 10 STAUFF groups × 2 thread codes × 5 material codes),SPAL-9S-M-W4,SPAL,Weld Plate for Single Clamps,9S,7,M,M24,W4,"Stainless Steel V2A (1.4301/1.4305, AISI 304/303)",270,205,90,,35,2026-06-01T17:10:30.661310+00:00
65,"STAUFF Clamps – Catalogue 1, page 44","Heavy Series (DIN 3015, Part 2)  •  Weld Plate for Single Clamps (SPAL) and Double Clamps (SPAS)",200 ordering-code permutations  (2 types × 10 STAUFF groups × 2 thread codes × 5 material codes),SPAL-9S-M-W5,SPAL,Weld Plate for Single Clamps,9S,7,M,M24,W5,"Stainless Steel V4A (1.4401/1.4571, AISI 316/316 Ti)",270,205,90,,35,2026-06-01T17:10:30.661310+00:00
66,"STAUFF Clamps – Catalogue 1, page 44","Heavy Series (DIN 3015, Part 2)  •  Weld Plate for Single Clamps (SPAL) and Double Clamps (SPAS)",200 ordering-code permutations  (2 types × 10 STAUFF groups × 2 thread codes × 5 material codes),SPAL-9S-U-W1,SPAL,Weld Plate for Single Clamps,9S,7,U,7/8–9 UNC,W1,"Carbon Steel, uncoated",270,205,90,,35,2026-06-01T17:10:30.661310+00:00
67,"STAUFF Clamps – Catalogue 1, page 44","Heavy Series (DIN 3015, Part 2)  •  Weld Plate for Single Clamps (SPAL) and Double Clamps (SPAS)",200 ordering-code permutations  (2 types × 10 STAUFF groups × 2 thread codes × 5 material codes),SPAL-9S-U-W2,SPAL,Weld Plate for Single Clamps,9S,7,U,7/8–9 UNC,W2,"Carbon Steel, phosphated",270,205,90,,35,2026-06-01T17:10:30.661310+00:00
68,"STAUFF Clamps – Catalogue 1, page 44","Heavy Series (DIN 3015, Part 2)  •  Weld Plate for Single Clamps (SPAL) and Double Clamps (SPAS)",200 ordering-code permutations  (2 types × 10 STAUFF groups × 2 thread codes × 5 material codes),SPAL-9S-U-W3,SPAL,Weld Plate for Single Clamps,9S,7,U,7/8–9 UNC,W3,"Carbon Steel, zinc/nickel-plated",270,205,90,,35,2026-06-01T17:10:30.661310+00:00
69,"STAUFF Clamps – Catalogue 1, page 44","Heavy Series (DIN 3015, Part 2)  •  Weld Plate for Single Clamps (SPAL) and Double Clamps (SPAS)",200 ordering-code permutations  (2 types × 10 STAUFF groups × 2 thread codes × 5 material codes),SPAL-9S-U-W4,SPAL,Weld Plate for Single Clamps,9S,7,U,7/8–9 UNC,W4,"Stainless Steel V2A (1.4301/1.4305, AISI 304/303)",270,205,90,,35,2026-06-01T17:10:30.661310+00:00
70,"STAUFF Clamps – Catalogue 1, page 44","Heavy Series (DIN 3015, Part 2)  •  Weld Plate for Single Clamps (SPAL) and Double Clamps (SPAS)",200 ordering-code permutations  (2 types × 10 STAUFF groups × 2 thread codes × 5 material codes),SPAL-9S-U-W5,SPAL,Weld Plate for Single Clamps,9S,7,U,7/8–9 UNC,W5,"Stainless Steel V4A (1.4401/1.4571, AISI 316/316 Ti)",270,205,90,,35,2026-06-01T17:10:30.661310+00:00
71,"STAUFF Clamps – Catalogue 1, page 44","Heavy Series (DIN 3015, Part 2)  •  Weld Plate for Single Clamps (SPAL) and Double Clamps (SPAS)",200 ordering-code permutations  (2 types × 10 STAUFF groups × 2 thread codes × 5 material codes),SPAL-10S-M-W1,SPAL,Weld Plate for Single Clamps,10S,8,M,M30,W1,"Carbon Steel, uncoated",340,265,120,,45,2026-06-01T17:10:30.661310+00:00
72,"STAUFF Clamps – Catalogue 1, page 44","Heavy Series (DIN 3015, Part 2)  •  Weld Plate for Single Clamps (SPAL) and Double Clamps (SPAS)",200 ordering-code permutations  (2 types × 10 STAUFF groups × 2 thread codes × 5 material codes),SPAL-10S-M-W2,SPAL,Weld Plate for Single Clamps,10S,8,M,M30,W2,"Carbon Steel, phosphated",340,265,120,,45,2026-06-01T17:10:30.661310+00:00
73,"STAUFF Clamps – Catalogue 1, page 44","Heavy Series (DIN 3015, Part 2)  •  Weld Plate for Single Clamps (SPAL) and Double Clamps (SPAS)",200 ordering-code permutations  (2 types × 10 STAUFF groups × 2 thread codes × 5 material codes),SPAL-10S-M-W3,SPAL,Weld Plate for Single Clamps,10S,8,M,M30,W3,"Carbon Steel, zinc/nickel-plated",340,265,120,,45,2026-06-01T17:10:30.661310+00:00
74,"STAUFF Clamps – Catalogue 1, page 44","Heavy Series (DIN 3015, Part 2)  •  Weld Plate for Single Clamps (SPAL) and Double Clamps (SPAS)",200 ordering-code permutations  (2 types × 10 STAUFF groups × 2 thread codes × 5 material codes),SPAL-10S-M-W4,SPAL,Weld Plate for Single Clamps,10S,8,M,M30,W4,"Stainless Steel V2A (1.4301/1.4305, AISI 304/303)",340,265,120,,45,2026-06-01T17:10:30.661310+00:00
75,"STAUFF Clamps – Catalogue 1, page 44","Heavy Series (DIN 3015, Part 2)  •  Weld Plate for Single Clamps (SPAL) and Double Clamps (SPAS)",200 ordering-code permutations  (2 types × 10 STAUFF groups × 2 thread codes × 5 material codes),SPAL-10S-M-W5,SPAL,Weld Plate for Single Clamps,10S,8,M,M30,W5,"Stainless Steel V4A (1.4401/1.4571, AISI 316/316 Ti)",340,265,120,,45,2026-06-01T17:10:30.661310+00:00
76,"STAUFF Clamps – Catalogue 1, page 44","Heavy Series (DIN 3015, Part 2)  •  Weld Plate for Single Clamps (SPAL) and Double Clamps (SPAS)",200 ordering-code permutations  (2 types × 10 STAUFF groups × 2 thread codes × 5 material codes),SPAL-10S-U-W1,SPAL,Weld Plate for Single Clamps,10S,8,U,1-1/8–7 UNC,W1,"Carbon Steel, uncoated",340,265,120,,45,2026-06-01T17:10:30.661310+00:00
77,"STAUFF Clamps – Catalogue 1, page 44","Heavy Series (DIN 3015, Part 2)  •  Weld Plate for Single Clamps (SPAL) and Double Clamps (SPAS)",200 ordering-code permutations  (2 types × 10 STAUFF groups × 2 thread codes × 5 material codes),SPAL-10S-U-W2,SPAL,Weld Plate for Single Clamps,10S,8,U,1-1/8–7 UNC,W2,"Carbon Steel, phosphated",340,265,120,,45,2026-06-01T17:10:30.661310+00:00
78,"STAUFF Clamps – Catalogue 1, page 44","Heavy Series (DIN 3015, Part 2)  •  Weld Plate for Single Clamps (SPAL) and Double Clamps (SPAS)",200 ordering-code permutations  (2 types × 10 STAUFF groups × 2 thread codes × 5 material codes),SPAL-10S-U-W3,SPAL,Weld Plate for Single Clamps,10S,8,U,1-1/8–7 UNC,W3,"Carbon Steel, zinc/nickel-plated",340,265,120,,45,2026-06-01T17:10:30.661310+00:00
79,"STAUFF Clamps – Catalogue 1, page 44","Heavy Series (DIN 3015, Part 2)  •  Weld Plate for Single Clamps (SPAL) and Double Clamps (SPAS)",200 ordering-code permutations  (2 types × 10 STAUFF groups × 2 thread codes × 5 material codes),SPAL-10S-U-W4,SPAL,Weld Plate for Single Clamps,10S,8,U,1-1/8–7 UNC,W4,"Stainless Steel V2A (1.4301/1.4305, AISI 304/303)",340,265,120,,45,2026-06-01T17:10:30.661310+00:00
80,"STAUFF Clamps – Catalogue 1, page 44","Heavy Series (DIN 3015, Part 2)  •  Weld Plate for Single Clamps (SPAL) and Double Clamps (SPAS)",200 ordering-code permutations  (2 types × 10 STAUFF groups × 2 thread codes × 5 material codes),SPAL-10S-U-W5,SPAL,Weld Plate for Single Clamps,10S,8,U,1-1/8–7 UNC,W5,"Stainless Steel V4A (1.4401/1.4571, AISI 316/316 Ti)",340,265,120,,45,2026-06-01T17:10:30.661310+00:00
81,"STAUFF Clamps – Catalogue 1, page 44","Heavy Series (DIN 3015, Part 2)  •  Weld Plate for Single Clamps (SPAL) and Double Clamps (SPAS)",200 ordering-code permutations  (2 types × 10 STAUFF groups × 2 thread codes × 5 material codes),SPAL-11S-M-W1,SPAL,Weld Plate for Single Clamps,11S,9,M,M30,W1,"Carbon Steel, uncoated",520,395,160,,50,2026-06-01T17:10:30.661310+00:00
82,"STAUFF Clamps – Catalogue 1, page 44","Heavy Series (DIN 3015, Part 2)  •  Weld Plate for Single Clamps (SPAL) and Double Clamps (SPAS)",200 ordering-code permutations  (2 types × 10 STAUFF groups × 2 thread codes × 5 material codes),SPAL-11S-M-W2,SPAL,Weld Plate for Single Clamps,11S,9,M,M30,W2,"Carbon Steel, phosphated",520,395,160,,50,2026-06-01T17:10:30.661310+00:00
83,"STAUFF Clamps – Catalogue 1, page 44","Heavy Series (DIN 3015, Part 2)  •  Weld Plate for Single Clamps (SPAL) and Double Clamps (SPAS)",200 ordering-code permutations  (2 types × 10 STAUFF groups × 2 thread codes × 5 material codes),SPAL-11S-M-W3,SPAL,Weld Plate for Single Clamps,11S,9,M,M30,W3,"Carbon Steel, zinc/nickel-plated",520,395,160,,50,2026-06-01T17:10:30.661310+00:00
84,"STAUFF Clamps – Catalogue 1, page 44","Heavy Series (DIN 3015, Part 2)  •  Weld Plate for Single Clamps (SPAL) and Double Clamps (SPAS)",200 ordering-code permutations  (2 types × 10 STAUFF groups × 2 thread codes × 5 material codes),SPAL-11S-M-W4,SPAL,Weld Plate for Single Clamps,11S,9,M,M30,W4,"Stainless Steel V2A (1.4301/1.4305, AISI 304/303)",520,395,160,,50,2026-06-01T17:10:30.661310+00:00
85,"STAUFF Clamps – Catalogue 1, page 44","Heavy Series (DIN 3015, Part 2)  •  Weld Plate for Single Clamps (SPAL) and Double Clamps (SPAS)",200 ordering-code permutations  (2 types × 10 STAUFF groups × 2 thread codes × 5 material codes),SPAL-11S-M-W5,SPAL,Weld Plate for Single Clamps,11S,9,M,M30,W5,"Stainless Steel V4A (1.4401/1.4571, AISI 316/316 Ti)",520,395,160,,50,2026-06-01T17:10:30.661310+00:00
86,"STAUFF Clamps – Catalogue 1, page 44","Heavy Series (DIN 3015, Part 2)  •  Weld Plate for Single Clamps (SPAL) and Double Clamps (SPAS)",200 ordering-code permutations  (2 types × 10 STAUFF groups × 2 thread codes × 5 material codes),SPAL-11S-U-W1,SPAL,Weld Plate for Single Clamps,11S,9,U,1-1/4–7 UNC,W1,"Carbon Steel, uncoated",520,395,160,,50,2026-06-01T17:10:30.661310+00:00
87,"STAUFF Clamps – Catalogue 1, page 44","Heavy Series (DIN 3015, Part 2)  •  Weld Plate for Single Clamps (SPAL) and Double Clamps (SPAS)",200 ordering-code permutations  (2 types × 10 STAUFF groups × 2 thread codes × 5 material codes),SPAL-11S-U-W2,SPAL,Weld Plate for Single Clamps,11S,9,U,1-1/4–7 UNC,W2,"Carbon Steel, phosphated",520,395,160,,50,2026-06-01T17:10:30.661310+00:00
88,"STAUFF Clamps – Catalogue 1, page 44","Heavy Series (DIN 3015, Part 2)  •  Weld Plate for Single Clamps (SPAL) and Double Clamps (SPAS)",200 ordering-code permutations  (2 types × 10 STAUFF groups × 2 thread codes × 5 material codes),SPAL-11S-U-W3,SPAL,Weld Plate for Single Clamps,11S,9,U,1-1/4–7 UNC,W3,"Carbon Steel, zinc/nickel-plated",520,395,160,,50,2026-06-01T17:10:30.661310+00:00
89,"STAUFF Clamps – Catalogue 1, page 44","Heavy Series (DIN 3015, Part 2)  •  Weld Plate for Single Clamps (SPAL) and Double Clamps (SPAS)",200 ordering-code permutations  (2 types × 10 STAUFF groups × 2 thread codes × 5 material codes),SPAL-11S-U-W4,SPAL,Weld Plate for Single Clamps,11S,9,U,1-1/4–7 UNC,W4,"Stainless Steel V2A (1.4301/1.4305, AISI 304/303)",520,395,160,,50,2026-06-01T17:10:30.661310+00:00
90,"STAUFF Clamps – Catalogue 1, page 44","Heavy Series (DIN 3015, Part 2)  •  Weld Plate for Single Clamps (SPAL) and Double Clamps (SPAS)",200 ordering-code permutations  (2 types × 10 STAUFF groups × 2 thread codes × 5 material codes),SPAL-11S-U-W5,SPAL,Weld Plate for Single Clamps,11S,9,U,1-1/4–7 UNC,W5,"Stainless Steel V4A (1.4401/1.4571, AISI 316/316 Ti)",520,395,160,,50,2026-06-01T17:10:30.661310+00:00
91,"STAUFF Clamps – Catalogue 1, page 44","Heavy Series (DIN 3015, Part 2)  •  Weld Plate for Single Clamps (SPAL) and Double Clamps (SPAS)",200 ordering-code permutations  (2 types × 10 STAUFF groups × 2 thread codes × 5 material codes),SPAL-12S-M-W1,SPAL,Weld Plate for Single Clamps,12S,10,M,M30,W1,"Carbon Steel, uncoated",680,534,180,,50,2026-06-01T17:10:30.661310+00:00
92,"STAUFF Clamps – Catalogue 1, page 44","Heavy Series (DIN 3015, Part 2)  •  Weld Plate for Single Clamps (SPAL) and Double Clamps (SPAS)",200 ordering-code permutations  (2 types × 10 STAUFF groups × 2 thread codes × 5 material codes),SPAL-12S-M-W2,SPAL,Weld Plate for Single Clamps,12S,10,M,M30,W2,"Carbon Steel, phosphated",680,534,180,,50,2026-06-01T17:10:30.661310+00:00
93,"STAUFF Clamps – Catalogue 1, page 44","Heavy Series (DIN 3015, Part 2)  •  Weld Plate for Single Clamps (SPAL) and Double Clamps (SPAS)",200 ordering-code permutations  (2 types × 10 STAUFF groups × 2 thread codes × 5 material codes),SPAL-12S-M-W3,SPAL,Weld Plate for Single Clamps,12S,10,M,M30,W3,"Carbon Steel, zinc/nickel-plated",680,534,180,,50,2026-06-01T17:10:30.661310+00:00
94,"STAUFF Clamps – Catalogue 1, page 44","Heavy Series (DIN 3015, Part 2)  •  Weld Plate for Single Clamps (SPAL) and Double Clamps (SPAS)",200 ordering-code permutations  (2 types × 10 STAUFF groups × 2 thread codes × 5 material codes),SPAL-12S-M-W4,SPAL,Weld Plate for Single Clamps,12S,10,M,M30,W4,"Stainless Steel V2A (1.4301/1.4305, AISI 304/303)",680,534,180,,50,2026-06-01T17:10:30.661310+00:00
95,"STAUFF Clamps – Catalogue 1, page 44","Heavy Series (DIN 3015, Part 2)  •  Weld Plate for Single Clamps (SPAL) and Double Clamps (SPAS)",200 ordering-code permutations  (2 types × 10 STAUFF groups × 2 thread codes × 5 material codes),SPAL-12S-M-W5,SPAL,Weld Plate for Single Clamps,12S,10,M,M30,W5,"Stainless Steel V4A (1.4401/1.4571, AISI 316/316 Ti)",680,534,180,,50,2026-06-01T17:10:30.661310+00:00
96,"STAUFF Clamps – Catalogue 1, page 44","Heavy Series (DIN 3015, Part 2)  •  Weld Plate for Single Clamps (SPAL) and Double Clamps (SPAS)",200 ordering-code permutations  (2 types × 10 STAUFF groups × 2 thread codes × 5 material codes),SPAL-12S-U-W1,SPAL,Weld Plate for Single Clamps,12S,10,U,1-1/4–7 UNC,W1,"Carbon Steel, uncoated",680,534,180,,50,2026-06-01T17:10:30.661310+00:00
97,"STAUFF Clamps – Catalogue 1, page 44","Heavy Series (DIN 3015, Part 2)  •  Weld Plate for Single Clamps (SPAL) and Double Clamps (SPAS)",200 ordering-code permutations  (2 types × 10 STAUFF groups × 2 thread codes × 5 material codes),SPAL-12S-U-W2,SPAL,Weld Plate for Single Clamps,12S,10,U,1-1/4–7 UNC,W2,"Carbon Steel, phosphated",680,534,180,,50,2026-06-01T17:10:30.661310+00:00
98,"STAUFF Clamps – Catalogue 1, page 44","Heavy Series (DIN 3015, Part 2)  •  Weld Plate for Single Clamps (SPAL) and Double Clamps (SPAS)",200 ordering-code permutations  (2 types × 10 STAUFF groups × 2 thread codes × 5 material codes),SPAL-12S-U-W3,SPAL,Weld Plate for Single Clamps,12S,10,U,1-1/4–7 UNC,W3,"Carbon Steel, zinc/nickel-plated",680,534,180,,50,2026-06-01T17:10:30.661310+00:00
99,"STAUFF Clamps – Catalogue 1, page 44","Heavy Series (DIN 3015, Part 2)  •  Weld Plate for Single Clamps (SPAL) and Double Clamps (SPAS)",200 ordering-code permutations  (2 types × 10 STAUFF groups × 2 thread codes × 5 material codes),SPAL-12S-U-W4,SPAL,Weld Plate for Single Clamps,12S,10,U,1-1/4–7 UNC,W4,"Stainless Steel V2A (1.4301/1.4305, AISI 304/303)",680,534,180,,50,2026-06-01T17:10:30.661310+00:00
100,"STAUFF Clamps – Catalogue 1, page 44","Heavy Series (DIN 3015, Part 2)  •  Weld Plate for Single Clamps (SPAL) and Double Clamps (SPAS)",200 ordering-code permutations  (2 types × 10 STAUFF groups × 2 thread codes × 5 material codes),SPAL-12S-U-W5,SPAL,Weld Plate for Single Clamps,12S,10,U,1-1/4–7 UNC,W5,"Stainless Steel V4A (1.4401/1.4571, AISI 316/316 Ti)",680,534,180,,50,2026-06-01T17:10:30.661310+00:00
101,"STAUFF Clamps – Catalogue 1, page 44","Heavy Series (DIN 3015, Part 2)  •  Weld Plate for Single Clamps (SPAL) and Double Clamps (SPAS)",200 ordering-code permutations  (2 types × 10 STAUFF groups × 2 thread codes × 5 material codes),SPAS-3S-M-W1,SPAS,Weld Plate for Double Clamps,3S,1,M,M10,W1,"Carbon Steel, uncoated",74,33,60,30.5,18,2026-06-01T17:10:30.661310+00:00
102,"STAUFF Clamps – Catalogue 1, page 44","Heavy Series (DIN 3015, Part 2)  •  Weld Plate for Single Clamps (SPAL) and Double Clamps (SPAS)",200 ordering-code permutations  (2 types × 10 STAUFF groups × 2 thread codes × 5 material codes),SPAS-3S-M-W2,SPAS,Weld Plate for Double Clamps,3S,1,M,M10,W2,"Carbon Steel, phosphated",74,33,60,30.5,18,2026-06-01T17:10:30.661310+00:00
103,"STAUFF Clamps – Catalogue 1, page 44","Heavy Series (DIN 3015, Part 2)  •  Weld Plate for Single Clamps (SPAL) and Double Clamps (SPAS)",200 ordering-code permutations  (2 types × 10 STAUFF groups × 2 thread codes × 5 material codes),SPAS-3S-M-W3,SPAS,Weld Plate for Double Clamps,3S,1,M,M10,W3,"Carbon Steel, zinc/nickel-plated",74,33,60,30.5,18,2026-06-01T17:10:30.661310+00:00
104,"STAUFF Clamps – Catalogue 1, page 44","Heavy Series (DIN 3015, Part 2)  •  Weld Plate for Single Clamps (SPAL) and Double Clamps (SPAS)",200 ordering-code permutations  (2 types × 10 STAUFF groups × 2 thread codes × 5 material codes),SPAS-3S-M-W4,SPAS,Weld Plate for Double Clamps,3S,1,M,M10,W4,"Stainless Steel V2A (1.4301/1.4305, AISI 304/303)",74,33,60,30.5,18,2026-06-01T17:10:30.661310+00:00
105,"STAUFF Clamps – Catalogue 1, page 44","Heavy Series (DIN 3015, Part 2)  •  Weld Plate for Single Clamps (SPAL) and Double Clamps (SPAS)",200 ordering-code permutations  (2 types × 10 STAUFF groups × 2 thread codes × 5 material codes),SPAS-3S-M-W5,SPAS,Weld Plate for Double Clamps,3S,1,M,M10,W5,"Stainless Steel V4A (1.4401/1.4571, AISI 316/316 Ti)",74,33,60,30.5,18,2026-06-01T17:10:30.661310+00:00
106,"STAUFF Clamps – Catalogue 1, page 44","Heavy Series (DIN 3015, Part 2)  •  Weld Plate for Single Clamps (SPAL) and Double Clamps (SPAS)",200 ordering-code permutations  (2 types × 10 STAUFF groups × 2 thread codes × 5 material codes),SPAS-3S-U-W1,SPAS,Weld Plate for Double Clamps,3S,1,U,3/8–16 UNC,W1,"Carbon Steel, uncoated",74,33,60,30.5,18,2026-06-01T17:10:30.661310+00:00
107,"STAUFF Clamps – Catalogue 1, page 44","Heavy Series (DIN 3015, Part 2)  •  Weld Plate for Single Clamps (SPAL) and Double Clamps (SPAS)",200 ordering-code permutations  (2 types × 10 STAUFF groups × 2 thread codes × 5 material codes),SPAS-3S-U-W2,SPAS,Weld Plate for Double Clamps,3S,1,U,3/8–16 UNC,W2,"Carbon Steel, phosphated",74,33,60,30.5,18,2026-06-01T17:10:30.661310+00:00
108,"STAUFF Clamps – Catalogue 1, page 44","Heavy Series (DIN 3015, Part 2)  •  Weld Plate for Single Clamps (SPAL) and Double Clamps (SPAS)",200 ordering-code permutations  (2 types × 10 STAUFF groups × 2 thread codes × 5 material codes),SPAS-3S-U-W3,SPAS,Weld Plate for Double Clamps,3S,1,U,3/8–16 UNC,W3,"Carbon Steel, zinc/nickel-plated",74,33,60,30.5,18,2026-06-01T17:10:30.661310+00:00
109,"STAUFF Clamps – Catalogue 1, page 44","Heavy Series (DIN 3015, Part 2)  •  Weld Plate for Single Clamps (SPAL) and Double Clamps (SPAS)",200 ordering-code permutations  (2 types × 10 STAUFF groups × 2 thread codes × 5 material codes),SPAS-3S-U-W4,SPAS,Weld Plate for Double Clamps,3S,1,U,3/8–16 UNC,W4,"Stainless Steel V2A (1.4301/1.4305, AISI 304/303)",74,33,60,30.5,18,2026-06-01T17:10:30.661310+00:00
110,"STAUFF Clamps – Catalogue 1, page 44","Heavy Series (DIN 3015, Part 2)  •  Weld Plate for Single Clamps (SPAL) and Double Clamps (SPAS)",200 ordering-code permutations  (2 types × 10 STAUFF groups × 2 thread codes × 5 material codes),SPAS-3S-U-W5,SPAS,Weld Plate for Double Clamps,3S,1,U,3/8–16 UNC,W5,"Stainless Steel V4A (1.4401/1.4571, AISI 316/316 Ti)",74,33,60,30.5,18,2026-06-01T17:10:30.661310+00:00
111,"STAUFF Clamps – Catalogue 1, page 44","Heavy Series (DIN 3015, Part 2)  •  Weld Plate for Single Clamps (SPAL) and Double Clamps (SPAS)",200 ordering-code permutations  (2 types × 10 STAUFF groups × 2 thread codes × 5 material codes),SPAS-4S-M-W1,SPAS,Weld Plate for Double Clamps,4S,2,M,M10,W1,"Carbon Steel, uncoated",86,45,60,30.5,18,2026-06-01T17:10:30.661310+00:00
112,"STAUFF Clamps – Catalogue 1, page 44","Heavy Series (DIN 3015, Part 2)  •  Weld Plate for Single Clamps (SPAL) and Double Clamps (SPAS)",200 ordering-code permutations  (2 types × 10 STAUFF groups × 2 thread codes × 5 material codes),SPAS-4S-M-W2,SPAS,Weld Plate for Double Clamps,4S,2,M,M10,W2,"Carbon Steel, phosphated",86,45,60,30.5,18,2026-06-01T17:10:30.661310+00:00
113,"STAUFF Clamps – Catalogue 1, page 44","Heavy Series (DIN 3015, Part 2)  •  Weld Plate for Single Clamps (SPAL) and Double Clamps (SPAS)",200 ordering-code permutations  (2 types × 10 STAUFF groups × 2 thread codes × 5 material codes),SPAS-4S-M-W3,SPAS,Weld Plate for Double Clamps,4S,2,M,M10,W3,"Carbon Steel, zinc/nickel-plated",86,45,60,30.5,18,2026-06-01T17:10:30.661310+00:00
114,"STAUFF Clamps – Catalogue 1, page 44","Heavy Series (DIN 3015, Part 2)  •  Weld Plate for Single Clamps (SPAL) and Double Clamps (SPAS)",200 ordering-code permutations  (2 types × 10 STAUFF groups × 2 thread codes × 5 material codes),SPAS-4S-M-W4,SPAS,Weld Plate for Double Clamps,4S,2,M,M10,W4,"Stainless Steel V2A (1.4301/1.4305, AISI 304/303)",86,45,60,30.5,18,2026-06-01T17:10:30.661310+00:00
115,"STAUFF Clamps – Catalogue 1, page 44","Heavy Series (DIN 3015, Part 2)  •  Weld Plate for Single Clamps (SPAL) and Double Clamps (SPAS)",200 ordering-code permutations  (2 types × 10 STAUFF groups × 2 thread codes × 5 material codes),SPAS-4S-M-W5,SPAS,Weld Plate for Double Clamps,4S,2,M,M10,W5,"Stainless Steel V4A (1.4401/1.4571, AISI 316/316 Ti)",86,45,60,30.5,18,2026-06-01T17:10:30.661310+00:00
116,"STAUFF Clamps – Catalogue 1, page 44","Heavy Series (DIN 3015, Part 2)  •  Weld Plate for Single Clamps (SPAL) and Double Clamps (SPAS)",200 ordering-code permutations  (2 types × 10 STAUFF groups × 2 thread codes × 5 material codes),SPAS-4S-U-W1,SPAS,Weld Plate for Double Clamps,4S,2,U,3/8–16 UNC,W1,"Carbon Steel, uncoated",86,45,60,30.5,18,2026-06-01T17:10:30.661310+00:00
117,"STAUFF Clamps – Catalogue 1, page 44","Heavy Series (DIN 3015, Part 2)  •  Weld Plate for Single Clamps (SPAL) and Double Clamps (SPAS)",200 ordering-code permutations  (2 types × 10 STAUFF groups × 2 thread codes × 5 material codes),SPAS-4S-U-W2,SPAS,Weld Plate for Double Clamps,4S,2,U,3/8–16 UNC,W2,"Carbon Steel, phosphated",86,45,60,30.5,18,2026-06-01T17:10:30.661310+00:00
118,"STAUFF Clamps – Catalogue 1, page 44","Heavy Series (DIN 3015, Part 2)  •  Weld Plate for Single Clamps (SPAL) and Double Clamps (SPAS)",200 ordering-code permutations  (2 types × 10 STAUFF groups × 2 thread codes × 5 material codes),SPAS-4S-U-W3,SPAS,Weld Plate for Double Clamps,4S,2,U,3/8–16 UNC,W3,"Carbon Steel, zinc/nickel-plated",86,45,60,30.5,18,2026-06-01T17:10:30.661310+00:00
119,"STAUFF Clamps – Catalogue 1, page 44","Heavy Series (DIN 3015, Part 2)  •  Weld Plate for Single Clamps (SPAL) and Double Clamps (SPAS)",200 ordering-code permutations  (2 types × 10 STAUFF groups × 2 thread codes × 5 material codes),SPAS-4S-U-W4,SPAS,Weld Plate for Double Clamps,4S,2,U,3/8–16 UNC,W4,"Stainless Steel V2A (1.4301/1.4305, AISI 304/303)",86,45,60,30.5,18,2026-06-01T17:10:30.661310+00:00
120,"STAUFF Clamps – Catalogue 1, page 44","Heavy Series (DIN 3015, Part 2)  •  Weld Plate for Single Clamps (SPAL) and Double Clamps (SPAS)",200 ordering-code permutations  (2 types × 10 STAUFF groups × 2 thread codes × 5 material codes),SPAS-4S-U-W5,SPAS,Weld Plate for Double Clamps,4S,2,U,3/8–16 UNC,W5,"Stainless Steel V4A (1.4401/1.4571, AISI 316/316 Ti)",86,45,60,30.5,18,2026-06-01T17:10:30.661310+00:00
121,"STAUFF Clamps – Catalogue 1, page 44","Heavy Series (DIN 3015, Part 2)  •  Weld Plate for Single Clamps (SPAL) and Double Clamps (SPAS)",200 ordering-code permutations  (2 types × 10 STAUFF groups × 2 thread codes × 5 material codes),SPAS-5S-M-W1,SPAS,Weld Plate for Double Clamps,5S,3,M,M10,W1,"Carbon Steel, uncoated",100,60,60,30.5,18,2026-06-01T17:10:30.661310+00:00
122,"STAUFF Clamps – Catalogue 1, page 44","Heavy Series (DIN 3015, Part 2)  •  Weld Plate for Single Clamps (SPAL) and Double Clamps (SPAS)",200 ordering-code permutations  (2 types × 10 STAUFF groups × 2 thread codes × 5 material codes),SPAS-5S-M-W2,SPAS,Weld Plate for Double Clamps,5S,3,M,M10,W2,"Carbon Steel, phosphated",100,60,60,30.5,18,2026-06-01T17:10:30.661310+00:00
123,"STAUFF Clamps – Catalogue 1, page 44","Heavy Series (DIN 3015, Part 2)  •  Weld Plate for Single Clamps (SPAL) and Double Clamps (SPAS)",200 ordering-code permutations  (2 types × 10 STAUFF groups × 2 thread codes × 5 material codes),SPAS-5S-M-W3,SPAS,Weld Plate for Double Clamps,5S,3,M,M10,W3,"Carbon Steel, zinc/nickel-plated",100,60,60,30.5,18,2026-06-01T17:10:30.661310+00:00
124,"STAUFF Clamps – Catalogue 1, page 44","Heavy Series (DIN 3015, Part 2)  •  Weld Plate for Single Clamps (SPAL) and Double Clamps (SPAS)",200 ordering-code permutations  (2 types × 10 STAUFF groups × 2 thread codes × 5 material codes),SPAS-5S-M-W4,SPAS,Weld Plate for Double Clamps,5S,3,M,M10,W4,"Stainless Steel V2A (1.4301/1.4305, AISI 304/303)",100,60,60,30.5,18,2026-06-01T17:10:30.661310+00:00
125,"STAUFF Clamps – Catalogue 1, page 44","Heavy Series (DIN 3015, Part 2)  •  Weld Plate for Single Clamps (SPAL) and Double Clamps (SPAS)",200 ordering-code permutations  (2 types × 10 STAUFF groups × 2 thread codes × 5 material codes),SPAS-5S-M-W5,SPAS,Weld Plate for Double Clamps,5S,3,M,M10,W5,"Stainless Steel V4A (1.4401/1.4571, AISI 316/316 Ti)",100,60,60,30.5,18,2026-06-01T17:10:30.661310+00:00
126,"STAUFF Clamps – Catalogue 1, page 44","Heavy Series (DIN 3015, Part 2)  •  Weld Plate for Single Clamps (SPAL) and Double Clamps (SPAS)",200 ordering-code permutations  (2 types × 10 STAUFF groups × 2 thread codes × 5 material codes),SPAS-5S-U-W1,SPAS,Weld Plate for Double Clamps,5S,3,U,3/8–16 UNC,W1,"Carbon Steel, uncoated",100,60,60,30.5,18,2026-06-01T17:10:30.661310+00:00
127,"STAUFF Clamps – Catalogue 1, page 44","Heavy Series (DIN 3015, Part 2)  •  Weld Plate for Single Clamps (SPAL) and Double Clamps (SPAS)",200 ordering-code permutations  (2 types × 10 STAUFF groups × 2 thread codes × 5 material codes),SPAS-5S-U-W2,SPAS,Weld Plate for Double Clamps,5S,3,U,3/8–16 UNC,W2,"Carbon Steel, phosphated",100,60,60,30.5,18,2026-06-01T17:10:30.661310+00:00
128,"STAUFF Clamps – Catalogue 1, page 44","Heavy Series (DIN 3015, Part 2)  •  Weld Plate for Single Clamps (SPAL) and Double Clamps (SPAS)",200 ordering-code permutations  (2 types × 10 STAUFF groups × 2 thread codes × 5 material codes),SPAS-5S-U-W3,SPAS,Weld Plate for Double Clamps,5S,3,U,3/8–16 UNC,W3,"Carbon Steel, zinc/nickel-plated",100,60,60,30.5,18,2026-06-01T17:10:30.661310+00:00
129,"STAUFF Clamps – Catalogue 1, page 44","Heavy Series (DIN 3015, Part 2)  •  Weld Plate for Single Clamps (SPAL) and Double Clamps (SPAS)",200 ordering-code permutations  (2 types × 10 STAUFF groups × 2 thread codes × 5 material codes),SPAS-5S-U-W4,SPAS,Weld Plate for Double Clamps,5S,3,U,3/8–16 UNC,W4,"Stainless Steel V2A (1.4301/1.4305, AISI 304/303)",100,60,60,30.5,18,2026-06-01T17:10:30.661310+00:00
130,"STAUFF Clamps – Catalogue 1, page 44","Heavy Series (DIN 3015, Part 2)  •  Weld Plate for Single Clamps (SPAL) and Double Clamps (SPAS)",200 ordering-code permutations  (2 types × 10 STAUFF groups × 2 thread codes × 5 material codes),SPAS-5S-U-W5,SPAS,Weld Plate for Double Clamps,5S,3,U,3/8–16 UNC,W5,"Stainless Steel V4A (1.4401/1.4571, AISI 316/316 Ti)",100,60,60,30.5,18,2026-06-01T17:10:30.661310+00:00
131,"STAUFF Clamps – Catalogue 1, page 44","Heavy Series (DIN 3015, Part 2)  •  Weld Plate for Single Clamps (SPAL) and Double Clamps (SPAS)",200 ordering-code permutations  (2 types × 10 STAUFF groups × 2 thread codes × 5 material codes),SPAS-6S-M-W1,SPAS,Weld Plate for Double Clamps,6S,4,M,M12,W1,"Carbon Steel, uncoated",140,90,90,46,20,2026-06-01T17:10:30.661310+00:00
132,"STAUFF Clamps – Catalogue 1, page 44","Heavy Series (DIN 3015, Part 2)  •  Weld Plate for Single Clamps (SPAL) and Double Clamps (SPAS)",200 ordering-code permutations  (2 types × 10 STAUFF groups × 2 thread codes × 5 material codes),SPAS-6S-M-W2,SPAS,Weld Plate for Double Clamps,6S,4,M,M12,W2,"Carbon Steel, phosphated",140,90,90,46,20,2026-06-01T17:10:30.661310+00:00
133,"STAUFF Clamps – Catalogue 1, page 44","Heavy Series (DIN 3015, Part 2)  •  Weld Plate for Single Clamps (SPAL) and Double Clamps (SPAS)",200 ordering-code permutations  (2 types × 10 STAUFF groups × 2 thread codes × 5 material codes),SPAS-6S-M-W3,SPAS,Weld Plate for Double Clamps,6S,4,M,M12,W3,"Carbon Steel, zinc/nickel-plated",140,90,90,46,20,2026-06-01T17:10:30.661310+00:00
134,"STAUFF Clamps – Catalogue 1, page 44","Heavy Series (DIN 3015, Part 2)  •  Weld Plate for Single Clamps (SPAL) and Double Clamps (SPAS)",200 ordering-code permutations  (2 types × 10 STAUFF groups × 2 thread codes × 5 material codes),SPAS-6S-M-W4,SPAS,Weld Plate for Double Clamps,6S,4,M,M12,W4,"Stainless Steel V2A (1.4301/1.4305, AISI 304/303)",140,90,90,46,20,2026-06-01T17:10:30.661310+00:00
135,"STAUFF Clamps – Catalogue 1, page 44","Heavy Series (DIN 3015, Part 2)  •  Weld Plate for Single Clamps (SPAL) and Double Clamps (SPAS)",200 ordering-code permutations  (2 types × 10 STAUFF groups × 2 thread codes × 5 material codes),SPAS-6S-M-W5,SPAS,Weld Plate for Double Clamps,6S,4,M,M12,W5,"Stainless Steel V4A (1.4401/1.4571, AISI 316/316 Ti)",140,90,90,46,20,2026-06-01T17:10:30.661310+00:00
136,"STAUFF Clamps – Catalogue 1, page 44","Heavy Series (DIN 3015, Part 2)  •  Weld Plate for Single Clamps (SPAL) and Double Clamps (SPAS)",200 ordering-code permutations  (2 types × 10 STAUFF groups × 2 thread codes × 5 material codes),SPAS-6S-U-W1,SPAS,Weld Plate for Double Clamps,6S,4,U,7/16–14 UNC,W1,"Carbon Steel, uncoated",140,90,90,46,20,2026-06-01T17:10:30.661310+00:00
137,"STAUFF Clamps – Catalogue 1, page 44","Heavy Series (DIN 3015, Part 2)  •  Weld Plate for Single Clamps (SPAL) and Double Clamps (SPAS)",200 ordering-code permutations  (2 types × 10 STAUFF groups × 2 thread codes × 5 material codes),SPAS-6S-U-W2,SPAS,Weld Plate for Double Clamps,6S,4,U,7/16–14 UNC,W2,"Carbon Steel, phosphated",140,90,90,46,20,2026-06-01T17:10:30.661310+00:00
138,"STAUFF Clamps – Catalogue 1, page 44","Heavy Series (DIN 3015, Part 2)  •  Weld Plate for Single Clamps (SPAL) and Double Clamps (SPAS)",200 ordering-code permutations  (2 types × 10 STAUFF groups × 2 thread codes × 5 material codes),SPAS-6S-U-W3,SPAS,Weld Plate for Double Clamps,6S,4,U,7/16–14 UNC,W3,"Carbon Steel, zinc/nickel-plated",140,90,90,46,20,2026-06-01T17:10:30.661310+00:00
139,"STAUFF Clamps – Catalogue 1, page 44","Heavy Series (DIN 3015, Part 2)  •  Weld Plate for Single Clamps (SPAL) and Double Clamps (SPAS)",200 ordering-code permutations  (2 types × 10 STAUFF groups × 2 thread codes × 5 material codes),SPAS-6S-U-W4,SPAS,Weld Plate for Double Clamps,6S,4,U,7/16–14 UNC,W4,"Stainless Steel V2A (1.4301/1.4305, AISI 304/303)",140,90,90,46,20,2026-06-01T17:10:30.661310+00:00
140,"STAUFF Clamps – Catalogue 1, page 44","Heavy Series (DIN 3015, Part 2)  •  Weld Plate for Single Clamps (SPAL) and Double Clamps (SPAS)",200 ordering-code permutations  (2 types × 10 STAUFF groups × 2 thread codes × 5 material codes),SPAS-6S-U-W5,SPAS,Weld Plate for Double Clamps,6S,4,U,7/16–14 UNC,W5,"Stainless Steel V4A (1.4401/1.4571, AISI 316/316 Ti)",140,90,90,46,20,2026-06-01T17:10:30.661310+00:00
141,"STAUFF Clamps – Catalogue 1, page 44","Heavy Series (DIN 3015, Part 2)  •  Weld Plate for Single Clamps (SPAL) and Double Clamps (SPAS)",200 ordering-code permutations  (2 types × 10 STAUFF groups × 2 thread codes × 5 material codes),SPAS-7S-M-W1,SPAS,Weld Plate for Double Clamps,7S,5,M,M16,W1,"Carbon Steel, uncoated",180,122,120,61,24,2026-06-01T17:10:30.661310+00:00
142,"STAUFF Clamps – Catalogue 1, page 44","Heavy Series (DIN 3015, Part 2)  •  Weld Plate for Single Clamps (SPAL) and Double Clamps (SPAS)",200 ordering-code permutations  (2 types × 10 STAUFF groups × 2 thread codes × 5 material codes),SPAS-7S-M-W2,SPAS,Weld Plate for Double Clamps,7S,5,M,M16,W2,"Carbon Steel, phosphated",180,122,120,61,24,2026-06-01T17:10:30.661310+00:00
143,"STAUFF Clamps – Catalogue 1, page 44","Heavy Series (DIN 3015, Part 2)  •  Weld Plate for Single Clamps (SPAL) and Double Clamps (SPAS)",200 ordering-code permutations  (2 types × 10 STAUFF groups × 2 thread codes × 5 material codes),SPAS-7S-M-W3,SPAS,Weld Plate for Double Clamps,7S,5,M,M16,W3,"Carbon Steel, zinc/nickel-plated",180,122,120,61,24,2026-06-01T17:10:30.661310+00:00
144,"STAUFF Clamps – Catalogue 1, page 44","Heavy Series (DIN 3015, Part 2)  •  Weld Plate for Single Clamps (SPAL) and Double Clamps (SPAS)",200 ordering-code permutations  (2 types × 10 STAUFF groups × 2 thread codes × 5 material codes),SPAS-7S-M-W4,SPAS,Weld Plate for Double Clamps,7S,5,M,M16,W4,"Stainless Steel V2A (1.4301/1.4305, AISI 304/303)",180,122,120,61,24,2026-06-01T17:10:30.661310+00:00
145,"STAUFF Clamps – Catalogue 1, page 44","Heavy Series (DIN 3015, Part 2)  •  Weld Plate for Single Clamps (SPAL) and Double Clamps (SPAS)",200 ordering-code permutations  (2 types × 10 STAUFF groups × 2 thread codes × 5 material codes),SPAS-7S-M-W5,SPAS,Weld Plate for Double Clamps,7S,5,M,M16,W5,"Stainless Steel V4A (1.4401/1.4571, AISI 316/316 Ti)",180,122,120,61,24,2026-06-01T17:10:30.661310+00:00
146,"STAUFF Clamps – Catalogue 1, page 44","Heavy Series (DIN 3015, Part 2)  •  Weld Plate for Single Clamps (SPAL) and Double Clamps (SPAS)",200 ordering-code permutations  (2 types × 10 STAUFF groups × 2 thread codes × 5 material codes),SPAS-7S-U-W1,SPAS,Weld Plate for Double Clamps,7S,5,U,5/8–11 UNC,W1,"Carbon Steel, uncoated",180,122,120,61,24,2026-06-01T17:10:30.661310+00:00
147,"STAUFF Clamps – Catalogue 1, page 44","Heavy Series (DIN 3015, Part 2)  •  Weld Plate for Single Clamps (SPAL) and Double Clamps (SPAS)",200 ordering-code permutations  (2 types × 10 STAUFF groups × 2 thread codes × 5 material codes),SPAS-7S-U-W2,SPAS,Weld Plate for Double Clamps,7S,5,U,5/8–11 UNC,W2,"Carbon Steel, phosphated",180,122,120,61,24,2026-06-01T17:10:30.661310+00:00
148,"STAUFF Clamps – Catalogue 1, page 44","Heavy Series (DIN 3015, Part 2)  •  Weld Plate for Single Clamps (SPAL) and Double Clamps (SPAS)",200 ordering-code permutations  (2 types × 10 STAUFF groups × 2 thread codes × 5 material codes),SPAS-7S-U-W3,SPAS,Weld Plate for Double Clamps,7S,5,U,5/8–11 UNC,W3,"Carbon Steel, zinc/nickel-plated",180,122,120,61,24,2026-06-01T17:10:30.661310+00:00
149,"STAUFF Clamps – Catalogue 1, page 44","Heavy Series (DIN 3015, Part 2)  •  Weld Plate for Single Clamps (SPAL) and Double Clamps (SPAS)",200 ordering-code permutations  (2 types × 10 STAUFF groups × 2 thread codes × 5 material codes),SPAS-7S-U-W4,SPAS,Weld Plate for Double Clamps,7S,5,U,5/8–11 UNC,W4,"Stainless Steel V2A (1.4301/1.4305, AISI 304/303)",180,122,120,61,24,2026-06-01T17:10:30.661310+00:00
150,"STAUFF Clamps – Catalogue 1, page 44","Heavy Series (DIN 3015, Part 2)  •  Weld Plate for Single Clamps (SPAL) and Double Clamps (SPAS)",200 ordering-code permutations  (2 types × 10 STAUFF groups × 2 thread codes × 5 material codes),SPAS-7S-U-W5,SPAS,Weld Plate for Double Clamps,7S,5,U,5/8–11 UNC,W5,"Stainless Steel V4A (1.4401/1.4571, AISI 316/316 Ti)",180,122,120,61,24,2026-06-01T17:10:30.661310+00:00
151,"STAUFF Clamps – Catalogue 1, page 44","Heavy Series (DIN 3015, Part 2)  •  Weld Plate for Single Clamps (SPAL) and Double Clamps (SPAS)",200 ordering-code permutations  (2 types × 10 STAUFF groups × 2 thread codes × 5 material codes),SPAS-8S-M-W1,SPAS,Weld Plate for Double Clamps,8S,6,M,M20,W1,"Carbon Steel, uncoated",226,168,160,81,30,2026-06-01T17:10:30.661310+00:00
152,"STAUFF Clamps – Catalogue 1, page 44","Heavy Series (DIN 3015, Part 2)  •  Weld Plate for Single Clamps (SPAL) and Double Clamps (SPAS)",200 ordering-code permutations  (2 types × 10 STAUFF groups × 2 thread codes × 5 material codes),SPAS-8S-M-W2,SPAS,Weld Plate for Double Clamps,8S,6,M,M20,W2,"Carbon Steel, phosphated",226,168,160,81,30,2026-06-01T17:10:30.661310+00:00
153,"STAUFF Clamps – Catalogue 1, page 44","Heavy Series (DIN 3015, Part 2)  •  Weld Plate for Single Clamps (SPAL) and Double Clamps (SPAS)",200 ordering-code permutations  (2 types × 10 STAUFF groups × 2 thread codes × 5 material codes),SPAS-8S-M-W3,SPAS,Weld Plate for Double Clamps,8S,6,M,M20,W3,"Carbon Steel, zinc/nickel-plated",226,168,160,81,30,2026-06-01T17:10:30.661310+00:00
154,"STAUFF Clamps – Catalogue 1, page 44","Heavy Series (DIN 3015, Part 2)  •  Weld Plate for Single Clamps (SPAL) and Double Clamps (SPAS)",200 ordering-code permutations  (2 types × 10 STAUFF groups × 2 thread codes × 5 material codes),SPAS-8S-M-W4,SPAS,Weld Plate for Double Clamps,8S,6,M,M20,W4,"Stainless Steel V2A (1.4301/1.4305, AISI 304/303)",226,168,160,81,30,2026-06-01T17:10:30.661310+00:00
155,"STAUFF Clamps – Catalogue 1, page 44","Heavy Series (DIN 3015, Part 2)  •  Weld Plate for Single Clamps (SPAL) and Double Clamps (SPAS)",200 ordering-code permutations  (2 types × 10 STAUFF groups × 2 thread codes × 5 material codes),SPAS-8S-M-W5,SPAS,Weld Plate for Double Clamps,8S,6,M,M20,W5,"Stainless Steel V4A (1.4401/1.4571, AISI 316/316 Ti)",226,168,160,81,30,2026-06-01T17:10:30.661310+00:00
156,"STAUFF Clamps – Catalogue 1, page 44","Heavy Series (DIN 3015, Part 2)  •  Weld Plate for Single Clamps (SPAL) and Double Clamps (SPAS)",200 ordering-code permutations  (2 types × 10 STAUFF groups × 2 thread codes × 5 material codes),SPAS-8S-U-W1,SPAS,Weld Plate for Double Clamps,8S,6,U,3/4–10 UNC,W1,"Carbon Steel, uncoated",226,168,160,81,30,2026-06-01T17:10:30.661310+00:00
157,"STAUFF Clamps – Catalogue 1, page 44","Heavy Series (DIN 3015, Part 2)  •  Weld Plate for Single Clamps (SPAL) and Double Clamps (SPAS)",200 ordering-code permutations  (2 types × 10 STAUFF groups × 2 thread codes × 5 material codes),SPAS-8S-U-W2,SPAS,Weld Plate for Double Clamps,8S,6,U,3/4–10 UNC,W2,"Carbon Steel, phosphated",226,168,160,81,30,2026-06-01T17:10:30.661310+00:00
158,"STAUFF Clamps – Catalogue 1, page 44","Heavy Series (DIN 3015, Part 2)  •  Weld Plate for Single Clamps (SPAL) and Double Clamps (SPAS)",200 ordering-code permutations  (2 types × 10 STAUFF groups × 2 thread codes × 5 material codes),SPAS-8S-U-W3,SPAS,Weld Plate for Double Clamps,8S,6,U,3/4–10 UNC,W3,"Carbon Steel, zinc/nickel-plated",226,168,160,81,30,2026-06-01T17:10:30.661310+00:00
159,"STAUFF Clamps – Catalogue 1, page 44","Heavy Series (DIN 3015, Part 2)  •  Weld Plate for Single Clamps (SPAL) and Double Clamps (SPAS)",200 ordering-code permutations  (2 types × 10 STAUFF groups × 2 thread codes × 5 material codes),SPAS-8S-U-W4,SPAS,Weld Plate for Double Clamps,8S,6,U,3/4–10 UNC,W4,"Stainless Steel V2A (1.4301/1.4305, AISI 304/303)",226,168,160,81,30,2026-06-01T17:10:30.661310+00:00
160,"STAUFF Clamps – Catalogue 1, page 44","Heavy Series (DIN 3015, Part 2)  •  Weld Plate for Single Clamps (SPAL) and Double Clamps (SPAS)",200 ordering-code permutations  (2 types × 10 STAUFF groups × 2 thread codes × 5 material codes),SPAS-8S-U-W5,SPAS,Weld Plate for Double Clamps,8S,6,U,3/4–10 UNC,W5,"Stainless Steel V4A (1.4401/1.4571, AISI 316/316 Ti)",226,168,160,81,30,2026-06-01T17:10:30.661310+00:00
161,"STAUFF Clamps – Catalogue 1, page 44","Heavy Series (DIN 3015, Part 2)  •  Weld Plate for Single Clamps (SPAL) and Double Clamps (SPAS)",200 ordering-code permutations  (2 types × 10 STAUFF groups × 2 thread codes × 5 material codes),SPAS-9S-M-W1,SPAS,Weld Plate for Double Clamps,9S,7,M,M24,W1,"Carbon Steel, uncoated",270,205,180,91,35,2026-06-01T17:10:30.661310+00:00
162,"STAUFF Clamps – Catalogue 1, page 44","Heavy Series (DIN 3015, Part 2)  •  Weld Plate for Single Clamps (SPAL) and Double Clamps (SPAS)",200 ordering-code permutations  (2 types × 10 STAUFF groups × 2 thread codes × 5 material codes),SPAS-9S-M-W2,SPAS,Weld Plate for Double Clamps,9S,7,M,M24,W2,"Carbon Steel, phosphated",270,205,180,91,35,2026-06-01T17:10:30.661310+00:00
163,"STAUFF Clamps – Catalogue 1, page 44","Heavy Series (DIN 3015, Part 2)  •  Weld Plate for Single Clamps (SPAL) and Double Clamps (SPAS)",200 ordering-code permutations  (2 types × 10 STAUFF groups × 2 thread codes × 5 material codes),SPAS-9S-M-W3,SPAS,Weld Plate for Double Clamps,9S,7,M,M24,W3,"Carbon Steel, zinc/nickel-plated",270,205,180,91,35,2026-06-01T17:10:30.661310+00:00
164,"STAUFF Clamps – Catalogue 1, page 44","Heavy Series (DIN 3015, Part 2)  •  Weld Plate for Single Clamps (SPAL) and Double Clamps (SPAS)",200 ordering-code permutations  (2 types × 10 STAUFF groups × 2 thread codes × 5 material codes),SPAS-9S-M-W4,SPAS,Weld Plate for Double Clamps,9S,7,M,M24,W4,"Stainless Steel V2A (1.4301/1.4305, AISI 304/303)",270,205,180,91,35,2026-06-01T17:10:30.661310+00:00
165,"STAUFF Clamps – Catalogue 1, page 44","Heavy Series (DIN 3015, Part 2)  •  Weld Plate for Single Clamps (SPAL) and Double Clamps (SPAS)",200 ordering-code permutations  (2 types × 10 STAUFF groups × 2 thread codes × 5 material codes),SPAS-9S-M-W5,SPAS,Weld Plate for Double Clamps,9S,7,M,M24,W5,"Stainless Steel V4A (1.4401/1.4571, AISI 316/316 Ti)",270,205,180,91,35,2026-06-01T17:10:30.661310+00:00
166,"STAUFF Clamps – Catalogue 1, page 44","Heavy Series (DIN 3015, Part 2)  •  Weld Plate for Single Clamps (SPAL) and Double Clamps (SPAS)",200 ordering-code permutations  (2 types × 10 STAUFF groups × 2 thread codes × 5 material codes),SPAS-9S-U-W1,SPAS,Weld Plate for Double Clamps,9S,7,U,7/8–9 UNC,W1,"Carbon Steel, uncoated",270,205,180,91,35,2026-06-01T17:10:30.661310+00:00
167,"STAUFF Clamps – Catalogue 1, page 44","Heavy Series (DIN 3015, Part 2)  •  Weld Plate for Single Clamps (SPAL) and Double Clamps (SPAS)",200 ordering-code permutations  (2 types × 10 STAUFF groups × 2 thread codes × 5 material codes),SPAS-9S-U-W2,SPAS,Weld Plate for Double Clamps,9S,7,U,7/8–9 UNC,W2,"Carbon Steel, phosphated",270,205,180,91,35,2026-06-01T17:10:30.661310+00:00
168,"STAUFF Clamps – Catalogue 1, page 44","Heavy Series (DIN 3015, Part 2)  •  Weld Plate for Single Clamps (SPAL) and Double Clamps (SPAS)",200 ordering-code permutations  (2 types × 10 STAUFF groups × 2 thread codes × 5 material codes),SPAS-9S-U-W3,SPAS,Weld Plate for Double Clamps,9S,7,U,7/8–9 UNC,W3,"Carbon Steel, zinc/nickel-plated",270,205,180,91,35,2026-06-01T17:10:30.661310+00:00
169,"STAUFF Clamps – Catalogue 1, page 44","Heavy Series (DIN 3015, Part 2)  •  Weld Plate for Single Clamps (SPAL) and Double Clamps (SPAS)",200 ordering-code permutations  (2 types × 10 STAUFF groups × 2 thread codes × 5 material codes),SPAS-9S-U-W4,SPAS,Weld Plate for Double Clamps,9S,7,U,7/8–9 UNC,W4,"Stainless Steel V2A (1.4301/1.4305, AISI 304/303)",270,205,180,91,35,2026-06-01T17:10:30.661310+00:00
170,"STAUFF Clamps – Catalogue 1, page 44","Heavy Series (DIN 3015, Part 2)  •  Weld Plate for Single Clamps (SPAL) and Double Clamps (SPAS)",200 ordering-code permutations  (2 types × 10 STAUFF groups × 2 thread codes × 5 material codes),SPAS-9S-U-W5,SPAS,Weld Plate for Double Clamps,9S,7,U,7/8–9 UNC,W5,"Stainless Steel V4A (1.4401/1.4571, AISI 316/316 Ti)",270,205,180,91,35,2026-06-01T17:10:30.661310+00:00
171,"STAUFF Clamps – Catalogue 1, page 44","Heavy Series (DIN 3015, Part 2)  •  Weld Plate for Single Clamps (SPAL) and Double Clamps (SPAS)",200 ordering-code permutations  (2 types × 10 STAUFF groups × 2 thread codes × 5 material codes),SPAS-10S-M-W1,SPAS,Weld Plate for Double Clamps,10S,8,M,M30,W1,"Carbon Steel, uncoated",340,265,240,121,45,2026-06-01T17:10:30.661310+00:00
172,"STAUFF Clamps – Catalogue 1, page 44","Heavy Series (DIN 3015, Part 2)  •  Weld Plate for Single Clamps (SPAL) and Double Clamps (SPAS)",200 ordering-code permutations  (2 types × 10 STAUFF groups × 2 thread codes × 5 material codes),SPAS-10S-M-W2,SPAS,Weld Plate for Double Clamps,10S,8,M,M30,W2,"Carbon Steel, phosphated",340,265,240,121,45,2026-06-01T17:10:30.661310+00:00
173,"STAUFF Clamps – Catalogue 1, page 44","Heavy Series (DIN 3015, Part 2)  •  Weld Plate for Single Clamps (SPAL) and Double Clamps (SPAS)",200 ordering-code permutations  (2 types × 10 STAUFF groups × 2 thread codes × 5 material codes),SPAS-10S-M-W3,SPAS,Weld Plate for Double Clamps,10S,8,M,M30,W3,"Carbon Steel, zinc/nickel-plated",340,265,240,121,45,2026-06-01T17:10:30.661310+00:00
174,"STAUFF Clamps – Catalogue 1, page 44","Heavy Series (DIN 3015, Part 2)  •  Weld Plate for Single Clamps (SPAL) and Double Clamps (SPAS)",200 ordering-code permutations  (2 types × 10 STAUFF groups × 2 thread codes × 5 material codes),SPAS-10S-M-W4,SPAS,Weld Plate for Double Clamps,10S,8,M,M30,W4,"Stainless Steel V2A (1.4301/1.4305, AISI 304/303)",340,265,240,121,45,2026-06-01T17:10:30.661310+00:00
175,"STAUFF Clamps – Catalogue 1, page 44","Heavy Series (DIN 3015, Part 2)  •  Weld Plate for Single Clamps (SPAL) and Double Clamps (SPAS)",200 ordering-code permutations  (2 types × 10 STAUFF groups × 2 thread codes × 5 material codes),SPAS-10S-M-W5,SPAS,Weld Plate for Double Clamps,10S,8,M,M30,W5,"Stainless Steel V4A (1.4401/1.4571, AISI 316/316 Ti)",340,265,240,121,45,2026-06-01T17:10:30.661310+00:00
176,"STAUFF Clamps – Catalogue 1, page 44","Heavy Series (DIN 3015, Part 2)  •  Weld Plate for Single Clamps (SPAL) and Double Clamps (SPAS)",200 ordering-code permutations  (2 types × 10 STAUFF groups × 2 thread codes × 5 material codes),SPAS-10S-U-W1,SPAS,Weld Plate for Double Clamps,10S,8,U,1-1/8–7 UNC,W1,"Carbon Steel, uncoated",340,265,240,121,45,2026-06-01T17:10:30.661310+00:00
177,"STAUFF Clamps – Catalogue 1, page 44","Heavy Series (DIN 3015, Part 2)  •  Weld Plate for Single Clamps (SPAL) and Double Clamps (SPAS)",200 ordering-code permutations  (2 types × 10 STAUFF groups × 2 thread codes × 5 material codes),SPAS-10S-U-W2,SPAS,Weld Plate for Double Clamps,10S,8,U,1-1/8–7 UNC,W2,"Carbon Steel, phosphated",340,265,240,121,45,2026-06-01T17:10:30.661310+00:00
178,"STAUFF Clamps – Catalogue 1, page 44","Heavy Series (DIN 3015, Part 2)  •  Weld Plate for Single Clamps (SPAL) and Double Clamps (SPAS)",200 ordering-code permutations  (2 types × 10 STAUFF groups × 2 thread codes × 5 material codes),SPAS-10S-U-W3,SPAS,Weld Plate for Double Clamps,10S,8,U,1-1/8–7 UNC,W3,"Carbon Steel, zinc/nickel-plated",340,265,240,121,45,2026-06-01T17:10:30.661310+00:00
179,"STAUFF Clamps – Catalogue 1, page 44","Heavy Series (DIN 3015, Part 2)  •  Weld Plate for Single Clamps (SPAL) and Double Clamps (SPAS)",200 ordering-code permutations  (2 types × 10 STAUFF groups × 2 thread codes × 5 material codes),SPAS-10S-U-W4,SPAS,Weld Plate for Double Clamps,10S,8,U,1-1/8–7 UNC,W4,"Stainless Steel V2A (1.4301/1.4305, AISI 304/303)",340,265,240,121,45,2026-06-01T17:10:30.661310+00:00
180,"STAUFF Clamps – Catalogue 1, page 44","Heavy Series (DIN 3015, Part 2)  •  Weld Plate for Single Clamps (SPAL) and Double Clamps (SPAS)",200 ordering-code permutations  (2 types × 10 STAUFF groups × 2 thread codes × 5 material codes),SPAS-10S-U-W5,SPAS,Weld Plate for Double Clamps,10S,8,U,1-1/8–7 UNC,W5,"Stainless Steel V4A (1.4401/1.4571, AISI 316/316 Ti)",340,265,240,121,45,2026-06-01T17:10:30.661310+00:00
181,"STAUFF Clamps – Catalogue 1, page 44","Heavy Series (DIN 3015, Part 2)  •  Weld Plate for Single Clamps (SPAL) and Double Clamps (SPAS)",200 ordering-code permutations  (2 types × 10 STAUFF groups × 2 thread codes × 5 material codes),SPAS-11S-M-W1,SPAS,Weld Plate for Double Clamps,11S,9,M,M30,W1,"Carbon Steel, uncoated",520,395,324,166,50,2026-06-01T17:10:30.661310+00:00
182,"STAUFF Clamps – Catalogue 1, page 44","Heavy Series (DIN 3015, Part 2)  •  Weld Plate for Single Clamps (SPAL) and Double Clamps (SPAS)",200 ordering-code permutations  (2 types × 10 STAUFF groups × 2 thread codes × 5 material codes),SPAS-11S-M-W2,SPAS,Weld Plate for Double Clamps,11S,9,M,M30,W2,"Carbon Steel, phosphated",520,395,324,166,50,2026-06-01T17:10:30.661310+00:00
183,"STAUFF Clamps – Catalogue 1, page 44","Heavy Series (DIN 3015, Part 2)  •  Weld Plate for Single Clamps (SPAL) and Double Clamps (SPAS)",200 ordering-code permutations  (2 types × 10 STAUFF groups × 2 thread codes × 5 material codes),SPAS-11S-M-W3,SPAS,Weld Plate for Double Clamps,11S,9,M,M30,W3,"Carbon Steel, zinc/nickel-plated",520,395,324,166,50,2026-06-01T17:10:30.661310+00:00
184,"STAUFF Clamps – Catalogue 1, page 44","Heavy Series (DIN 3015, Part 2)  •  Weld Plate for Single Clamps (SPAL) and Double Clamps (SPAS)",200 ordering-code permutations  (2 types × 10 STAUFF groups × 2 thread codes × 5 material codes),SPAS-11S-M-W4,SPAS,Weld Plate for Double Clamps,11S,9,M,M30,W4,"Stainless Steel V2A (1.4301/1.4305, AISI 304/303)",520,395,324,166,50,2026-06-01T17:10:30.661310+00:00
185,"STAUFF Clamps – Catalogue 1, page 44","Heavy Series (DIN 3015, Part 2)  •  Weld Plate for Single Clamps (SPAL) and Double Clamps (SPAS)",200 ordering-code permutations  (2 types × 10 STAUFF groups × 2 thread codes × 5 material codes),SPAS-11S-M-W5,SPAS,Weld Plate for Double Clamps,11S,9,M,M30,W5,"Stainless Steel V4A (1.4401/1.4571, AISI 316/316 Ti)",520,395,324,166,50,2026-06-01T17:10:30.661310+00:00
186,"STAUFF Clamps – Catalogue 1, page 44","Heavy Series (DIN 3015, Part 2)  •  Weld Plate for Single Clamps (SPAL) and Double Clamps (SPAS)",200 ordering-code permutations  (2 types × 10 STAUFF groups × 2 thread codes × 5 material codes),SPAS-11S-U-W1,SPAS,Weld Plate for Double Clamps,11S,9,U,1-1/4–7 UNC,W1,"Carbon Steel, uncoated",520,395,324,166,50,2026-06-01T17:10:30.661310+00:00
187,"STAUFF Clamps – Catalogue 1, page 44","Heavy Series (DIN 3015, Part 2)  •  Weld Plate for Single Clamps (SPAL) and Double Clamps (SPAS)",200 ordering-code permutations  (2 types × 10 STAUFF groups × 2 thread codes × 5 material codes),SPAS-11S-U-W2,SPAS,Weld Plate for Double Clamps,11S,9,U,1-1/4–7 UNC,W2,"Carbon Steel, phosphated",520,395,324,166,50,2026-06-01T17:10:30.661310+00:00
188,"STAUFF Clamps – Catalogue 1, page 44","Heavy Series (DIN 3015, Part 2)  •  Weld Plate for Single Clamps (SPAL) and Double Clamps (SPAS)",200 ordering-code permutations  (2 types × 10 STAUFF groups × 2 thread codes × 5 material codes),SPAS-11S-U-W3,SPAS,Weld Plate for Double Clamps,11S,9,U,1-1/4–7 UNC,W3,"Carbon Steel, zinc/nickel-plated",520,395,324,166,50,2026-06-01T17:10:30.661310+00:00
189,"STAUFF Clamps – Catalogue 1, page 44","Heavy Series (DIN 3015, Part 2)  •  Weld Plate for Single Clamps (SPAL) and Double Clamps (SPAS)",200 ordering-code permutations  (2 types × 10 STAUFF groups × 2 thread codes × 5 material codes),SPAS-11S-U-W4,SPAS,Weld Plate for Double Clamps,11S,9,U,1-1/4–7 UNC,W4,"Stainless Steel V2A (1.4301/1.4305, AISI 304/303)",520,395,324,166,50,2026-06-01T17:10:30.661310+00:00
190,"STAUFF Clamps – Catalogue 1, page 44","Heavy Series (DIN 3015, Part 2)  •  Weld Plate for Single Clamps (SPAL) and Double Clamps (SPAS)",200 ordering-code permutations  (2 types × 10 STAUFF groups × 2 thread codes × 5 material codes),SPAS-11S-U-W5,SPAS,Weld Plate for Double Clamps,11S,9,U,1-1/4–7 UNC,W5,"Stainless Steel V4A (1.4401/1.4571, AISI 316/316 Ti)",520,395,324,166,50,2026-06-01T17:10:30.661310+00:00
191,"STAUFF Clamps – Catalogue 1, page 44","Heavy Series (DIN 3015, Part 2)  •  Weld Plate for Single Clamps (SPAL) and Double Clamps (SPAS)",200 ordering-code permutations  (2 types × 10 STAUFF groups × 2 thread codes × 5 material codes),SPAS-12S-M-W1,SPAS,Weld Plate for Double Clamps,12S,10,M,M30,W1,"Carbon Steel, uncoated",680,534,364,186,50,2026-06-01T17:10:30.661310+00:00
192,"STAUFF Clamps – Catalogue 1, page 44","Heavy Series (DIN 3015, Part 2)  •  Weld Plate for Single Clamps (SPAL) and Double Clamps (SPAS)",200 ordering-code permutations  (2 types × 10 STAUFF groups × 2 thread codes × 5 material codes),SPAS-12S-M-W2,SPAS,Weld Plate for Double Clamps,12S,10,M,M30,W2,"Carbon Steel, phosphated",680,534,364,186,50,2026-06-01T17:10:30.661310+00:00
193,"STAUFF Clamps – Catalogue 1, page 44","Heavy Series (DIN 3015, Part 2)  •  Weld Plate for Single Clamps (SPAL) and Double Clamps (SPAS)",200 ordering-code permutations  (2 types × 10 STAUFF groups × 2 thread codes × 5 material codes),SPAS-12S-M-W3,SPAS,Weld Plate for Double Clamps,12S,10,M,M30,W3,"Carbon Steel, zinc/nickel-plated",680,534,364,186,50,2026-06-01T17:10:30.661310+00:00
194,"STAUFF Clamps – Catalogue 1, page 44","Heavy Series (DIN 3015, Part 2)  •  Weld Plate for Single Clamps (SPAL) and Double Clamps (SPAS)",200 ordering-code permutations  (2 types × 10 STAUFF groups × 2 thread codes × 5 material codes),SPAS-12S-M-W4,SPAS,Weld Plate for Double Clamps,12S,10,M,M30,W4,"Stainless Steel V2A (1.4301/1.4305, AISI 304/303)",680,534,364,186,50,2026-06-01T17:10:30.661310+00:00
195,"STAUFF Clamps – Catalogue 1, page 44","Heavy Series (DIN 3015, Part 2)  •  Weld Plate for Single Clamps (SPAL) and Double Clamps (SPAS)",200 ordering-code permutations  (2 types × 10 STAUFF groups × 2 thread codes × 5 material codes),SPAS-12S-M-W5,SPAS,Weld Plate for Double Clamps,12S,10,M,M30,W5,"Stainless Steel V4A (1.4401/1.4571, AISI 316/316 Ti)",680,534,364,186,50,2026-06-01T17:10:30.661310+00:00
196,"STAUFF Clamps – Catalogue 1, page 44","Heavy Series (DIN 3015, Part 2)  •  Weld Plate for Single Clamps (SPAL) and Double Clamps (SPAS)",200 ordering-code permutations  (2 types × 10 STAUFF groups × 2 thread codes × 5 material codes),SPAS-12S-U-W1,SPAS,Weld Plate for Double Clamps,12S,10,U,1-1/4–7 UNC,W1,"Carbon Steel, uncoated",680,534,364,186,50,2026-06-01T17:10:30.661310+00:00
197,"STAUFF Clamps – Catalogue 1, page 44","Heavy Series (DIN 3015, Part 2)  •  Weld Plate for Single Clamps (SPAL) and Double Clamps (SPAS)",200 ordering-code permutations  (2 types × 10 STAUFF groups × 2 thread codes × 5 material codes),SPAS-12S-U-W2,SPAS,Weld Plate for Double Clamps,12S,10,U,1-1/4–7 UNC,W2,"Carbon Steel, phosphated",680,534,364,186,50,2026-06-01T17:10:30.661310+00:00
198,"STAUFF Clamps – Catalogue 1, page 44","Heavy Series (DIN 3015, Part 2)  •  Weld Plate for Single Clamps (SPAL) and Double Clamps (SPAS)",200 ordering-code permutations  (2 types × 10 STAUFF groups × 2 thread codes × 5 material codes),SPAS-12S-U-W3,SPAS,Weld Plate for Double Clamps,12S,10,U,1-1/4–7 UNC,W3,"Carbon Steel, zinc/nickel-plated",680,534,364,186,50,2026-06-01T17:10:30.661310+00:00
199,"STAUFF Clamps – Catalogue 1, page 44","Heavy Series (DIN 3015, Part 2)  •  Weld Plate for Single Clamps (SPAL) and Double Clamps (SPAS)",200 ordering-code permutations  (2 types × 10 STAUFF groups × 2 thread codes × 5 material codes),SPAS-12S-U-W4,SPAS,Weld Plate for Double Clamps,12S,10,U,1-1/4–7 UNC,W4,"Stainless Steel V2A (1.4301/1.4305, AISI 304/303)",680,534,364,186,50,2026-06-01T17:10:30.661310+00:00
200,"STAUFF Clamps – Catalogue 1, page 44","Heavy Series (DIN 3015, Part 2)  •  Weld Plate for Single Clamps (SPAL) and Double Clamps (SPAS)",200 ordering-code permutations  (2 types × 10 STAUFF groups × 2 thread codes × 5 material codes),SPAS-12S-U-W5,SPAS,Weld Plate for Double Clamps,12S,10,U,1-1/4–7 UNC,W5,"Stainless Steel V4A (1.4401/1.4571, AISI 316/316 Ti)",680,534,364,186,50,2026-06-01T17:10:30.661310+00:00
